fact_id,source_id,economic_scope_id,legal_entity_id,instrument_id,segment_id,metric_id,period_start,period_end,period_type,currency,unit,raw_value,raw_label,claim_tag,extraction_method,mapping_version,review_status,snapshot_id,raw_account_id,first_public_at,retrieved_at,content_sha256,accounting_scope,economic_legal_scope_bridge_id,version_id
raw_wmt_fy25_10k_xbrl_20250314_a255eca7b9ecf89a,wmt_fy25_10k_xbrl_20250314,walmart_consolidated_group,walmart_inc_us_de,,,accounts_payable,2024-01-31,2024-01-31,INSTANT,USD,USD,56812000000,AccountsPayableCurrent,F,SEC_XBRL_NON_DIMENSIONAL_DECIMALS_MINUS6_V1,map_wmt_fy25_10k_xbrl_20250314_e6dadc5355ad,SOURCE_EXTRACTED,snap_fbbb74d5608f121b4896cb28ac768f1ea2e0512bb54b8d3993b7690955484e8c,us-gaap:AccountsPayableCurrent,2025-03-14T20:40:52.000000Z,2026-09-29T12:15:50.347506Z,5fcf3e216138d1e38cd8365f789f7f76a083295f5424fa0b4e1794c43f2a40ff,CONSOLIDATED,wmt_fy25_10k_xbrl_20250314_consolidated_bridge,wmt_actual_fy25_10k_20250314
raw_wmt_fy25_10k_xbrl_20250314_59c2988759b297b2,wmt_fy25_10k_xbrl_20250314,walmart_consolidated_group,walmart_inc_us_de,,,accrued_liabilities,2024-01-31,2024-01-31,INSTANT,USD,USD,28759000000,AccruedLiabilitiesCurrent,F,SEC_XBRL_NON_DIMENSIONAL_DECIMALS_MINUS6_V1,map_wmt_fy25_10k_xbrl_20250314_0690794ed704,SOURCE_EXTRACTED,snap_fbbb74d5608f121b4896cb28ac768f1ea2e0512bb54b8d3993b7690955484e8c,us-gaap:AccruedLiabilitiesCurrent,2025-03-14T20:40:52.000000Z,2026-09-29T12:15:50.347506Z,5fcf3e216138d1e38cd8365f789f7f76a083295f5424fa0b4e1794c43f2a40ff,CONSOLIDATED,wmt_fy25_10k_xbrl_20250314_consolidated_bridge,wmt_actual_fy25_10k_20250314
raw_wmt_fy25_10k_xbrl_20250314_5619efdc7027d3c4,wmt_fy25_10k_xbrl_20250314,walmart_consolidated_group,walmart_inc_us_de,,,total_assets,2024-01-31,2024-01-31,INSTANT,USD,USD,252399000000,Assets,F,SEC_XBRL_NON_DIMENSIONAL_DECIMALS_MINUS6_V1,map_wmt_fy25_10k_xbrl_20250314_4c7b004e78ab,SOURCE_EXTRACTED,snap_fbbb74d5608f121b4896cb28ac768f1ea2e0512bb54b8d3993b7690955484e8c,us-gaap:Assets,2025-03-14T20:40:52.000000Z,2026-09-29T12:15:50.347506Z,5fcf3e216138d1e38cd8365f789f7f76a083295f5424fa0b4e1794c43f2a40ff,CONSOLIDATED,wmt_fy25_10k_xbrl_20250314_consolidated_bridge,wmt_actual_fy25_10k_20250314
raw_wmt_fy25_10k_xbrl_20250314_51705f6b9a05254b,wmt_fy25_10k_xbrl_20250314,walmart_consolidated_group,walmart_inc_us_de,,,current_assets,2024-01-31,2024-01-31,INSTANT,USD,USD,76877000000,AssetsCurrent,F,SEC_XBRL_NON_DIMENSIONAL_DECIMALS_MINUS6_V1,map_wmt_fy25_10k_xbrl_20250314_6f2672bfcb05,SOURCE_EXTRACTED,snap_fbbb74d5608f121b4896cb28ac768f1ea2e0512bb54b8d3993b7690955484e8c,us-gaap:AssetsCurrent,2025-03-14T20:40:52.000000Z,2026-09-29T12:15:50.347506Z,5fcf3e216138d1e38cd8365f789f7f76a083295f5424fa0b4e1794c43f2a40ff,CONSOLIDATED,wmt_fy25_10k_xbrl_20250314_consolidated_bridge,wmt_actual_fy25_10k_20250314
raw_wmt_fy25_10k_xbrl_20250314_bc6cefbc84f61f91,wmt_fy25_10k_xbrl_20250314,walmart_consolidated_group,walmart_inc_us_de,,,cash_and_equivalents,2024-01-31,2024-01-31,INSTANT,USD,USD,9867000000,CashAndCashEquivalentsAtCarryingValue,F,SEC_XBRL_NON_DIMENSIONAL_DECIMALS_MINUS6_V1,map_wmt_fy25_10k_xbrl_20250314_daea1c4a9793,SOURCE_EXTRACTED,snap_fbbb74d5608f121b4896cb28ac768f1ea2e0512bb54b8d3993b7690955484e8c,us-gaap:CashAndCashEquivalentsAtCarryingValue,2025-03-14T20:40:52.000000Z,2026-09-29T12:15:50.347506Z,5fcf3e216138d1e38cd8365f789f7f76a083295f5424fa0b4e1794c43f2a40ff,CONSOLIDATED,wmt_fy25_10k_xbrl_20250314_consolidated_bridge,wmt_actual_fy25_10k_20250314
raw_wmt_fy25_10k_xbrl_20250314_cd01b2e730fbb9ee,wmt_fy25_10k_xbrl_20250314,walmart_consolidated_group,walmart_inc_us_de,,,inventory,2024-01-31,2024-01-31,INSTANT,USD,USD,54892000000,InventoryNet,F,SEC_XBRL_NON_DIMENSIONAL_DECIMALS_MINUS6_V1,map_wmt_fy25_10k_xbrl_20250314_3bbf61f1da5f,SOURCE_EXTRACTED,snap_fbbb74d5608f121b4896cb28ac768f1ea2e0512bb54b8d3993b7690955484e8c,us-gaap:InventoryNet,2025-03-14T20:40:52.000000Z,2026-09-29T12:15:50.347506Z,5fcf3e216138d1e38cd8365f789f7f76a083295f5424fa0b4e1794c43f2a40ff,CONSOLIDATED,wmt_fy25_10k_xbrl_20250314_consolidated_bridge,wmt_actual_fy25_10k_20250314
raw_wmt_fy25_10k_xbrl_20250314_f6eb5d829c6f7cbb,wmt_fy25_10k_xbrl_20250314,walmart_consolidated_group,walmart_inc_us_de,,,total_liabilities_equity,2024-01-31,2024-01-31,INSTANT,USD,USD,252399000000,LiabilitiesAndStockholdersEquity,F,SEC_XBRL_NON_DIMENSIONAL_DECIMALS_MINUS6_V1,map_wmt_fy25_10k_xbrl_20250314_616e2ca2ad7f,SOURCE_EXTRACTED,snap_fbbb74d5608f121b4896cb28ac768f1ea2e0512bb54b8d3993b7690955484e8c,us-gaap:LiabilitiesAndStockholdersEquity,2025-03-14T20:40:52.000000Z,2026-09-29T12:15:50.347506Z,5fcf3e216138d1e38cd8365f789f7f76a083295f5424fa0b4e1794c43f2a40ff,CONSOLIDATED,wmt_fy25_10k_xbrl_20250314_consolidated_bridge,wmt_actual_fy25_10k_20250314
raw_wmt_fy25_10k_xbrl_20250314_704340bc48339f93,wmt_fy25_10k_xbrl_20250314,walmart_consolidated_group,walmart_inc_us_de,,,current_liabilities,2024-01-31,2024-01-31,INSTANT,USD,USD,92415000000,LiabilitiesCurrent,F,SEC_XBRL_NON_DIMENSIONAL_DECIMALS_MINUS6_V1,map_wmt_fy25_10k_xbrl_20250314_db39ade49d4a,SOURCE_EXTRACTED,snap_fbbb74d5608f121b4896cb28ac768f1ea2e0512bb54b8d3993b7690955484e8c,us-gaap:LiabilitiesCurrent,2025-03-14T20:40:52.000000Z,2026-09-29T12:15:50.347506Z,5fcf3e216138d1e38cd8365f789f7f76a083295f5424fa0b4e1794c43f2a40ff,CONSOLIDATED,wmt_fy25_10k_xbrl_20250314_consolidated_bridge,wmt_actual_fy25_10k_20250314
raw_wmt_fy25_10k_xbrl_20250314_86bfbac6484f0636,wmt_fy25_10k_xbrl_20250314,walmart_consolidated_group,walmart_inc_us_de,,,current_debt,2024-01-31,2024-01-31,INSTANT,USD,USD,3447000000,LongTermDebtCurrent,F,SEC_XBRL_NON_DIMENSIONAL_DECIMALS_MINUS6_V1,map_wmt_fy25_10k_xbrl_20250314_c1995041419f,SOURCE_EXTRACTED,snap_fbbb74d5608f121b4896cb28ac768f1ea2e0512bb54b8d3993b7690955484e8c,us-gaap:LongTermDebtCurrent,2025-03-14T20:40:52.000000Z,2026-09-29T12:15:50.347506Z,5fcf3e216138d1e38cd8365f789f7f76a083295f5424fa0b4e1794c43f2a40ff,CONSOLIDATED,wmt_fy25_10k_xbrl_20250314_consolidated_bridge,wmt_actual_fy25_10k_20250314
raw_wmt_fy25_10k_xbrl_20250314_89feb5bfe8e657d2,wmt_fy25_10k_xbrl_20250314,walmart_consolidated_group,walmart_inc_us_de,,,noncurrent_debt,2024-01-31,2024-01-31,INSTANT,USD,USD,36132000000,LongTermDebtNoncurrent,F,SEC_XBRL_NON_DIMENSIONAL_DECIMALS_MINUS6_V1,map_wmt_fy25_10k_xbrl_20250314_4af21a1d21c4,SOURCE_EXTRACTED,snap_fbbb74d5608f121b4896cb28ac768f1ea2e0512bb54b8d3993b7690955484e8c,us-gaap:LongTermDebtNoncurrent,2025-03-14T20:40:52.000000Z,2026-09-29T12:15:50.347506Z,5fcf3e216138d1e38cd8365f789f7f76a083295f5424fa0b4e1794c43f2a40ff,CONSOLIDATED,wmt_fy25_10k_xbrl_20250314_consolidated_bridge,wmt_actual_fy25_10k_20250314
raw_wmt_fy25_10k_xbrl_20250314_7916ba0991a8d6d5,wmt_fy25_10k_xbrl_20250314,walmart_consolidated_group,walmart_inc_us_de,,,ppe_net,2024-01-31,2024-01-31,INSTANT,USD,USD,110810000000,PropertyPlantAndEquipmentNet,F,SEC_XBRL_NON_DIMENSIONAL_DECIMALS_MINUS6_V1,map_wmt_fy25_10k_xbrl_20250314_a4fb5c4de45c,SOURCE_EXTRACTED,snap_fbbb74d5608f121b4896cb28ac768f1ea2e0512bb54b8d3993b7690955484e8c,us-gaap:PropertyPlantAndEquipmentNet,2025-03-14T20:40:52.000000Z,2026-09-29T12:15:50.347506Z,5fcf3e216138d1e38cd8365f789f7f76a083295f5424fa0b4e1794c43f2a40ff,CONSOLIDATED,wmt_fy25_10k_xbrl_20250314_consolidated_bridge,wmt_actual_fy25_10k_20250314
raw_wmt_fy25_10k_xbrl_20250314_919d7b006feb317f,wmt_fy25_10k_xbrl_20250314,walmart_consolidated_group,walmart_inc_us_de,,,receivables,2024-01-31,2024-01-31,INSTANT,USD,USD,8796000000,ReceivablesNetCurrent,F,SEC_XBRL_NON_DIMENSIONAL_DECIMALS_MINUS6_V1,map_wmt_fy25_10k_xbrl_20250314_e3b3dab295ae,SOURCE_EXTRACTED,snap_fbbb74d5608f121b4896cb28ac768f1ea2e0512bb54b8d3993b7690955484e8c,us-gaap:ReceivablesNetCurrent,2025-03-14T20:40:52.000000Z,2026-09-29T12:15:50.347506Z,5fcf3e216138d1e38cd8365f789f7f76a083295f5424fa0b4e1794c43f2a40ff,CONSOLIDATED,wmt_fy25_10k_xbrl_20250314_consolidated_bridge,wmt_actual_fy25_10k_20250314
raw_wmt_fy25_10k_xbrl_20250314_2c9a106397f38ef0,wmt_fy25_10k_xbrl_20250314,walmart_consolidated_group,walmart_inc_us_de,,,total_equity,2024-01-31,2024-01-31,INSTANT,USD,USD,90349000000,StockholdersEquityIncludingPortionAttributableToNoncontrollingInterest,F,SEC_XBRL_NON_DIMENSIONAL_DECIMALS_MINUS6_V1,map_wmt_fy25_10k_xbrl_20250314_e10949597e52,SOURCE_EXTRACTED,snap_fbbb74d5608f121b4896cb28ac768f1ea2e0512bb54b8d3993b7690955484e8c,us-gaap:StockholdersEquityIncludingPortionAttributableToNoncontrollingInterest,2025-03-14T20:40:52.000000Z,2026-09-29T12:15:50.347506Z,5fcf3e216138d1e38cd8365f789f7f76a083295f5424fa0b4e1794c43f2a40ff,CONSOLIDATED,wmt_fy25_10k_xbrl_20250314_consolidated_bridge,wmt_actual_fy25_10k_20250314
raw_wmt_fy26_10k_xbrl_20260313_6065a1de41606ae6,wmt_fy26_10k_xbrl_20260313,walmart_consolidated_group,walmart_inc_us_de,,,cost_of_sales_year,2023-02-01,2024-01-31,YEAR,USD,USD,490142000000,CostOfRevenue,F,SEC_XBRL_NON_DIMENSIONAL_DECIMALS_MINUS6_V1,map_wmt_fy26_10k_xbrl_20260313_00aff5e2ca5f,SOURCE_EXTRACTED,snap_19e71824e3f7a4178a7e30e19a55adb44a2f24dc87217e7c1221d25044538fa7,us-gaap:CostOfRevenue,2026-03-13T20:06:24.000000Z,2026-09-29T12:15:50.365779Z,07c72faa90cf8515eb1ff1ca264361ca8741c2663202d2f5a25ff9c694f4ef67,CONSOLIDATED,wmt_fy26_10k_xbrl_20260313_consolidated_bridge,wmt_actual_fy26_10k_20260313
raw_wmt_fy26_10k_xbrl_20260313_f381aa1d59c81dbe,wmt_fy26_10k_xbrl_20260313,walmart_consolidated_group,walmart_inc_us_de,,,depreciation_amortization_year,2023-02-01,2024-01-31,YEAR,USD,USD,11853000000,DepreciationAmortizationAndAccretionNet,F,SEC_XBRL_NON_DIMENSIONAL_DECIMALS_MINUS6_V1,map_wmt_fy26_10k_xbrl_20260313_4d33fa42d8d2,SOURCE_EXTRACTED,snap_19e71824e3f7a4178a7e30e19a55adb44a2f24dc87217e7c1221d25044538fa7,us-gaap:DepreciationAmortizationAndAccretionNet,2026-03-13T20:06:24.000000Z,2026-09-29T12:15:50.365779Z,07c72faa90cf8515eb1ff1ca264361ca8741c2663202d2f5a25ff9c694f4ef67,CONSOLIDATED,wmt_fy26_10k_xbrl_20260313_consolidated_bridge,wmt_actual_fy26_10k_20260313
raw_wmt_fy26_10k_xbrl_20260313_fa3974b4e7a41fa7,wmt_fy26_10k_xbrl_20260313,walmart_consolidated_group,walmart_inc_us_de,,,fx_effect_on_cash_year,2023-02-01,2024-01-31,YEAR,USD,USD,69000000,EffectOfExchangeRateOnCashCashEquivalentsRestrictedCashAndRestrictedCashEquivalents,F,SEC_XBRL_NON_DIMENSIONAL_DECIMALS_MINUS6_V1,map_wmt_fy26_10k_xbrl_20260313_1e3002d7e971,SOURCE_EXTRACTED,snap_19e71824e3f7a4178a7e30e19a55adb44a2f24dc87217e7c1221d25044538fa7,us-gaap:EffectOfExchangeRateOnCashCashEquivalentsRestrictedCashAndRestrictedCashEquivalents,2026-03-13T20:06:24.000000Z,2026-09-29T12:15:50.365779Z,07c72faa90cf8515eb1ff1ca264361ca8741c2663202d2f5a25ff9c694f4ef67,CONSOLIDATED,wmt_fy26_10k_xbrl_20260313_consolidated_bridge,wmt_actual_fy26_10k_20260313
raw_wmt_fy26_10k_xbrl_20260313_b305559c7256c1e1,wmt_fy26_10k_xbrl_20260313,walmart_consolidated_group,walmart_inc_us_de,,,income_before_tax_year,2023-02-01,2024-01-31,YEAR,USD,USD,21848000000,IncomeLossFromContinuingOperationsBeforeIncomeTaxesExtraordinaryItemsNoncontrollingInterest,F,SEC_XBRL_NON_DIMENSIONAL_DECIMALS_MINUS6_V1,map_wmt_fy26_10k_xbrl_20260313_70da0fe0aec2,SOURCE_EXTRACTED,snap_19e71824e3f7a4178a7e30e19a55adb44a2f24dc87217e7c1221d25044538fa7,us-gaap:IncomeLossFromContinuingOperationsBeforeIncomeTaxesExtraordinaryItemsNoncontrollingInterest,2026-03-13T20:06:24.000000Z,2026-09-29T12:15:50.365779Z,07c72faa90cf8515eb1ff1ca264361ca8741c2663202d2f5a25ff9c694f4ef67,CONSOLIDATED,wmt_fy26_10k_xbrl_20260313_consolidated_bridge,wmt_actual_fy26_10k_20260313
raw_wmt_fy26_10k_xbrl_20260313_0fcb60034fa11d13,wmt_fy26_10k_xbrl_20260313,walmart_consolidated_group,walmart_inc_us_de,,,income_tax_expense_year,2023-02-01,2024-01-31,YEAR,USD,USD,5578000000,IncomeTaxExpenseBenefit,F,SEC_XBRL_NON_DIMENSIONAL_DECIMALS_MINUS6_V1,map_wmt_fy26_10k_xbrl_20260313_2ad6a31a3689,SOURCE_EXTRACTED,snap_19e71824e3f7a4178a7e30e19a55adb44a2f24dc87217e7c1221d25044538fa7,us-gaap:IncomeTaxExpenseBenefit,2026-03-13T20:06:24.000000Z,2026-09-29T12:15:50.365779Z,07c72faa90cf8515eb1ff1ca264361ca8741c2663202d2f5a25ff9c694f4ef67,CONSOLIDATED,wmt_fy26_10k_xbrl_20260313_consolidated_bridge,wmt_actual_fy26_10k_20260313
raw_wmt_fy26_10k_xbrl_20260313_6aa3573cad09f103,wmt_fy26_10k_xbrl_20260313,walmart_consolidated_group,walmart_inc_us_de,,,financing_cash_flow_year,2023-02-01,2024-01-31,YEAR,USD,USD,-13414000000,NetCashProvidedByUsedInFinancingActivities,F,SEC_XBRL_NON_DIMENSIONAL_DECIMALS_MINUS6_V1,map_wmt_fy26_10k_xbrl_20260313_290bfc165f27,SOURCE_EXTRACTED,snap_19e71824e3f7a4178a7e30e19a55adb44a2f24dc87217e7c1221d25044538fa7,us-gaap:NetCashProvidedByUsedInFinancingActivities,2026-03-13T20:06:24.000000Z,2026-09-29T12:15:50.365779Z,07c72faa90cf8515eb1ff1ca264361ca8741c2663202d2f5a25ff9c694f4ef67,CONSOLIDATED,wmt_fy26_10k_xbrl_20260313_consolidated_bridge,wmt_actual_fy26_10k_20260313
raw_wmt_fy26_10k_xbrl_20260313_ca702a9eca1b3c41,wmt_fy26_10k_xbrl_20260313,walmart_consolidated_group,walmart_inc_us_de,,,investing_cash_flow_year,2023-02-01,2024-01-31,YEAR,USD,USD,-21287000000,NetCashProvidedByUsedInInvestingActivities,F,SEC_XBRL_NON_DIMENSIONAL_DECIMALS_MINUS6_V1,map_wmt_fy26_10k_xbrl_20260313_88237903c757,SOURCE_EXTRACTED,snap_19e71824e3f7a4178a7e30e19a55adb44a2f24dc87217e7c1221d25044538fa7,us-gaap:NetCashProvidedByUsedInInvestingActivities,2026-03-13T20:06:24.000000Z,2026-09-29T12:15:50.365779Z,07c72faa90cf8515eb1ff1ca264361ca8741c2663202d2f5a25ff9c694f4ef67,CONSOLIDATED,wmt_fy26_10k_xbrl_20260313_consolidated_bridge,wmt_actual_fy26_10k_20260313
raw_wmt_fy26_10k_xbrl_20260313_7a90a682ee7ef582,wmt_fy26_10k_xbrl_20260313,walmart_consolidated_group,walmart_inc_us_de,,,operating_cash_flow_year,2023-02-01,2024-01-31,YEAR,USD,USD,35726000000,NetCashProvidedByUsedInOperatingActivities,F,SEC_XBRL_NON_DIMENSIONAL_DECIMALS_MINUS6_V1,map_wmt_fy26_10k_xbrl_20260313_d6a76ac23407,SOURCE_EXTRACTED,snap_19e71824e3f7a4178a7e30e19a55adb44a2f24dc87217e7c1221d25044538fa7,us-gaap:NetCashProvidedByUsedInOperatingActivities,2026-03-13T20:06:24.000000Z,2026-09-29T12:15:50.365779Z,07c72faa90cf8515eb1ff1ca264361ca8741c2663202d2f5a25ff9c694f4ef67,CONSOLIDATED,wmt_fy26_10k_xbrl_20260313_consolidated_bridge,wmt_actual_fy26_10k_20260313
raw_wmt_fy26_10k_xbrl_20260313_aeab14dd3a3d7a10,wmt_fy26_10k_xbrl_20260313,walmart_consolidated_group,walmart_inc_us_de,,,consolidated_net_income_year,2023-02-01,2024-01-31,YEAR,USD,USD,15511000000,NetIncomeLoss,F,SEC_XBRL_NON_DIMENSIONAL_DECIMALS_MINUS6_V1,map_wmt_fy26_10k_xbrl_20260313_0fe7a22030ae,SOURCE_EXTRACTED,snap_19e71824e3f7a4178a7e30e19a55adb44a2f24dc87217e7c1221d25044538fa7,us-gaap:NetIncomeLoss,2026-03-13T20:06:24.000000Z,2026-09-29T12:15:50.365779Z,07c72faa90cf8515eb1ff1ca264361ca8741c2663202d2f5a25ff9c694f4ef67,CONSOLIDATED,wmt_fy26_10k_xbrl_20260313_consolidated_bridge,wmt_actual_fy26_10k_20260313
raw_wmt_fy26_10k_xbrl_20260313_b1026deb45d437d3,wmt_fy26_10k_xbrl_20260313,walmart_consolidated_group,walmart_inc_us_de,,,operating_income_year,2023-02-01,2024-01-31,YEAR,USD,USD,27012000000,OperatingIncomeLoss,F,SEC_XBRL_NON_DIMENSIONAL_DECIMALS_MINUS6_V1,map_wmt_fy26_10k_xbrl_20260313_97f08a718825,SOURCE_EXTRACTED,snap_19e71824e3f7a4178a7e30e19a55adb44a2f24dc87217e7c1221d25044538fa7,us-gaap:OperatingIncomeLoss,2026-03-13T20:06:24.000000Z,2026-09-29T12:15:50.365779Z,07c72faa90cf8515eb1ff1ca264361ca8741c2663202d2f5a25ff9c694f4ef67,CONSOLIDATED,wmt_fy26_10k_xbrl_20260313_consolidated_bridge,wmt_actual_fy26_10k_20260313
raw_wmt_fy26_10k_xbrl_20260313_4da7028ea836e12b,wmt_fy26_10k_xbrl_20260313,walmart_consolidated_group,walmart_inc_us_de,,,capital_expenditure_payments_year,2023-02-01,2024-01-31,YEAR,USD,USD,20606000000,PaymentsToAcquirePropertyPlantAndEquipment,F,SEC_XBRL_NON_DIMENSIONAL_DECIMALS_MINUS6_V1,map_wmt_fy26_10k_xbrl_20260313_6168363478b8,SOURCE_EXTRACTED,snap_19e71824e3f7a4178a7e30e19a55adb44a2f24dc87217e7c1221d25044538fa7,us-gaap:PaymentsToAcquirePropertyPlantAndEquipment,2026-03-13T20:06:24.000000Z,2026-09-29T12:15:50.365779Z,07c72faa90cf8515eb1ff1ca264361ca8741c2663202d2f5a25ff9c694f4ef67,CONSOLIDATED,wmt_fy26_10k_xbrl_20260313_consolidated_bridge,wmt_actual_fy26_10k_20260313
raw_wmt_fy26_10k_xbrl_20260313_ed1bbf929d543ebe,wmt_fy26_10k_xbrl_20260313,walmart_consolidated_group,walmart_inc_us_de,,,net_sales_year,2023-02-01,2024-01-31,YEAR,USD,USD,642637000000,RevenueFromContractWithCustomerExcludingAssessedTax,F,SEC_XBRL_NON_DIMENSIONAL_DECIMALS_MINUS6_V1,map_wmt_fy26_10k_xbrl_20260313_d817ba1a05a2,SOURCE_EXTRACTED,snap_19e71824e3f7a4178a7e30e19a55adb44a2f24dc87217e7c1221d25044538fa7,us-gaap:RevenueFromContractWithCustomerExcludingAssessedTax,2026-03-13T20:06:24.000000Z,2026-09-29T12:15:50.365779Z,07c72faa90cf8515eb1ff1ca264361ca8741c2663202d2f5a25ff9c694f4ef67,CONSOLIDATED,wmt_fy26_10k_xbrl_20260313_consolidated_bridge,wmt_actual_fy26_10k_20260313
raw_wmt_fy26_10k_xbrl_20260313_34f06775da751e03,wmt_fy26_10k_xbrl_20260313,walmart_consolidated_group,walmart_inc_us_de,,,total_revenue_year,2023-02-01,2024-01-31,YEAR,USD,USD,648125000000,Revenues,F,SEC_XBRL_NON_DIMENSIONAL_DECIMALS_MINUS6_V1,map_wmt_fy26_10k_xbrl_20260313_f181667a2fb7,SOURCE_EXTRACTED,snap_19e71824e3f7a4178a7e30e19a55adb44a2f24dc87217e7c1221d25044538fa7,us-gaap:Revenues,2026-03-13T20:06:24.000000Z,2026-09-29T12:15:50.365779Z,07c72faa90cf8515eb1ff1ca264361ca8741c2663202d2f5a25ff9c694f4ef67,CONSOLIDATED,wmt_fy26_10k_xbrl_20260313_consolidated_bridge,wmt_actual_fy26_10k_20260313
raw_wmt_fy26_10k_xbrl_20260313_bd80fa0115f389de,wmt_fy26_10k_xbrl_20260313,walmart_consolidated_group,walmart_inc_us_de,,,operating_sga_year,2023-02-01,2024-01-31,YEAR,USD,USD,130971000000,SellingGeneralAndAdministrativeExpense,F,SEC_XBRL_NON_DIMENSIONAL_DECIMALS_MINUS6_V1,map_wmt_fy26_10k_xbrl_20260313_2767881d3621,SOURCE_EXTRACTED,snap_19e71824e3f7a4178a7e30e19a55adb44a2f24dc87217e7c1221d25044538fa7,us-gaap:SellingGeneralAndAdministrativeExpense,2026-03-13T20:06:24.000000Z,2026-09-29T12:15:50.365779Z,07c72faa90cf8515eb1ff1ca264361ca8741c2663202d2f5a25ff9c694f4ef67,CONSOLIDATED,wmt_fy26_10k_xbrl_20260313_consolidated_bridge,wmt_actual_fy26_10k_20260313
raw_wmt_fy26_10k_xbrl_20260313_22bb8b768197d19f,wmt_fy26_10k_xbrl_20260313,walmart_consolidated_group,walmart_inc_us_de,,,cost_of_sales_year,2024-02-01,2025-01-31,YEAR,USD,USD,511753000000,CostOfRevenue,F,SEC_XBRL_NON_DIMENSIONAL_DECIMALS_MINUS6_V1,map_wmt_fy26_10k_xbrl_20260313_00aff5e2ca5f,SOURCE_EXTRACTED,snap_19e71824e3f7a4178a7e30e19a55adb44a2f24dc87217e7c1221d25044538fa7,us-gaap:CostOfRevenue,2026-03-13T20:06:24.000000Z,2026-09-29T12:15:50.365779Z,07c72faa90cf8515eb1ff1ca264361ca8741c2663202d2f5a25ff9c694f4ef67,CONSOLIDATED,wmt_fy26_10k_xbrl_20260313_consolidated_bridge,wmt_actual_fy26_10k_20260313
raw_wmt_fy26_10k_xbrl_20260313_e723058aa9867254,wmt_fy26_10k_xbrl_20260313,walmart_consolidated_group,walmart_inc_us_de,,,depreciation_amortization_year,2024-02-01,2025-01-31,YEAR,USD,USD,12973000000,DepreciationAmortizationAndAccretionNet,F,SEC_XBRL_NON_DIMENSIONAL_DECIMALS_MINUS6_V1,map_wmt_fy26_10k_xbrl_20260313_4d33fa42d8d2,SOURCE_EXTRACTED,snap_19e71824e3f7a4178a7e30e19a55adb44a2f24dc87217e7c1221d25044538fa7,us-gaap:DepreciationAmortizationAndAccretionNet,2026-03-13T20:06:24.000000Z,2026-09-29T12:15:50.365779Z,07c72faa90cf8515eb1ff1ca264361ca8741c2663202d2f5a25ff9c694f4ef67,CONSOLIDATED,wmt_fy26_10k_xbrl_20260313_consolidated_bridge,wmt_actual_fy26_10k_20260313
raw_wmt_fy26_10k_xbrl_20260313_0ffecbfbae5a9df3,wmt_fy26_10k_xbrl_20260313,walmart_consolidated_group,walmart_inc_us_de,,,fx_effect_on_cash_year,2024-02-01,2025-01-31,YEAR,USD,USD,-641000000,EffectOfExchangeRateOnCashCashEquivalentsRestrictedCashAndRestrictedCashEquivalents,F,SEC_XBRL_NON_DIMENSIONAL_DECIMALS_MINUS6_V1,map_wmt_fy26_10k_xbrl_20260313_1e3002d7e971,SOURCE_EXTRACTED,snap_19e71824e3f7a4178a7e30e19a55adb44a2f24dc87217e7c1221d25044538fa7,us-gaap:EffectOfExchangeRateOnCashCashEquivalentsRestrictedCashAndRestrictedCashEquivalents,2026-03-13T20:06:24.000000Z,2026-09-29T12:15:50.365779Z,07c72faa90cf8515eb1ff1ca264361ca8741c2663202d2f5a25ff9c694f4ef67,CONSOLIDATED,wmt_fy26_10k_xbrl_20260313_consolidated_bridge,wmt_actual_fy26_10k_20260313
raw_wmt_fy26_10k_xbrl_20260313_c38a1e48a8056738,wmt_fy26_10k_xbrl_20260313,walmart_consolidated_group,walmart_inc_us_de,,,income_before_tax_year,2024-02-01,2025-01-31,YEAR,USD,USD,26309000000,IncomeLossFromContinuingOperationsBeforeIncomeTaxesExtraordinaryItemsNoncontrollingInterest,F,SEC_XBRL_NON_DIMENSIONAL_DECIMALS_MINUS6_V1,map_wmt_fy26_10k_xbrl_20260313_70da0fe0aec2,SOURCE_EXTRACTED,snap_19e71824e3f7a4178a7e30e19a55adb44a2f24dc87217e7c1221d25044538fa7,us-gaap:IncomeLossFromContinuingOperationsBeforeIncomeTaxesExtraordinaryItemsNoncontrollingInterest,2026-03-13T20:06:24.000000Z,2026-09-29T12:15:50.365779Z,07c72faa90cf8515eb1ff1ca264361ca8741c2663202d2f5a25ff9c694f4ef67,CONSOLIDATED,wmt_fy26_10k_xbrl_20260313_consolidated_bridge,wmt_actual_fy26_10k_20260313
raw_wmt_fy26_10k_xbrl_20260313_c0384ece3fa866d4,wmt_fy26_10k_xbrl_20260313,walmart_consolidated_group,walmart_inc_us_de,,,income_tax_expense_year,2024-02-01,2025-01-31,YEAR,USD,USD,6152000000,IncomeTaxExpenseBenefit,F,SEC_XBRL_NON_DIMENSIONAL_DECIMALS_MINUS6_V1,map_wmt_fy26_10k_xbrl_20260313_2ad6a31a3689,SOURCE_EXTRACTED,snap_19e71824e3f7a4178a7e30e19a55adb44a2f24dc87217e7c1221d25044538fa7,us-gaap:IncomeTaxExpenseBenefit,2026-03-13T20:06:24.000000Z,2026-09-29T12:15:50.365779Z,07c72faa90cf8515eb1ff1ca264361ca8741c2663202d2f5a25ff9c694f4ef67,CONSOLIDATED,wmt_fy26_10k_xbrl_20260313_consolidated_bridge,wmt_actual_fy26_10k_20260313
raw_wmt_fy26_10k_xbrl_20260313_62bede6fdc3a66a9,wmt_fy26_10k_xbrl_20260313,walmart_consolidated_group,walmart_inc_us_de,,,financing_cash_flow_year,2024-02-01,2025-01-31,YEAR,USD,USD,-14822000000,NetCashProvidedByUsedInFinancingActivities,F,SEC_XBRL_NON_DIMENSIONAL_DECIMALS_MINUS6_V1,map_wmt_fy26_10k_xbrl_20260313_290bfc165f27,SOURCE_EXTRACTED,snap_19e71824e3f7a4178a7e30e19a55adb44a2f24dc87217e7c1221d25044538fa7,us-gaap:NetCashProvidedByUsedInFinancingActivities,2026-03-13T20:06:24.000000Z,2026-09-29T12:15:50.365779Z,07c72faa90cf8515eb1ff1ca264361ca8741c2663202d2f5a25ff9c694f4ef67,CONSOLIDATED,wmt_fy26_10k_xbrl_20260313_consolidated_bridge,wmt_actual_fy26_10k_20260313
raw_wmt_fy26_10k_xbrl_20260313_367f9d7a7de62061,wmt_fy26_10k_xbrl_20260313,walmart_consolidated_group,walmart_inc_us_de,,,investing_cash_flow_year,2024-02-01,2025-01-31,YEAR,USD,USD,-21379000000,NetCashProvidedByUsedInInvestingActivities,F,SEC_XBRL_NON_DIMENSIONAL_DECIMALS_MINUS6_V1,map_wmt_fy26_10k_xbrl_20260313_88237903c757,SOURCE_EXTRACTED,snap_19e71824e3f7a4178a7e30e19a55adb44a2f24dc87217e7c1221d25044538fa7,us-gaap:NetCashProvidedByUsedInInvestingActivities,2026-03-13T20:06:24.000000Z,2026-09-29T12:15:50.365779Z,07c72faa90cf8515eb1ff1ca264361ca8741c2663202d2f5a25ff9c694f4ef67,CONSOLIDATED,wmt_fy26_10k_xbrl_20260313_consolidated_bridge,wmt_actual_fy26_10k_20260313
raw_wmt_fy26_10k_xbrl_20260313_7f1418e241fecedf,wmt_fy26_10k_xbrl_20260313,walmart_consolidated_group,walmart_inc_us_de,,,operating_cash_flow_year,2024-02-01,2025-01-31,YEAR,USD,USD,36443000000,NetCashProvidedByUsedInOperatingActivities,F,SEC_XBRL_NON_DIMENSIONAL_DECIMALS_MINUS6_V1,map_wmt_fy26_10k_xbrl_20260313_d6a76ac23407,SOURCE_EXTRACTED,snap_19e71824e3f7a4178a7e30e19a55adb44a2f24dc87217e7c1221d25044538fa7,us-gaap:NetCashProvidedByUsedInOperatingActivities,2026-03-13T20:06:24.000000Z,2026-09-29T12:15:50.365779Z,07c72faa90cf8515eb1ff1ca264361ca8741c2663202d2f5a25ff9c694f4ef67,CONSOLIDATED,wmt_fy26_10k_xbrl_20260313_consolidated_bridge,wmt_actual_fy26_10k_20260313
raw_wmt_fy26_10k_xbrl_20260313_676323b21911c86a,wmt_fy26_10k_xbrl_20260313,walmart_consolidated_group,walmart_inc_us_de,,,consolidated_net_income_year,2024-02-01,2025-01-31,YEAR,USD,USD,19436000000,NetIncomeLoss,F,SEC_XBRL_NON_DIMENSIONAL_DECIMALS_MINUS6_V1,map_wmt_fy26_10k_xbrl_20260313_0fe7a22030ae,SOURCE_EXTRACTED,snap_19e71824e3f7a4178a7e30e19a55adb44a2f24dc87217e7c1221d25044538fa7,us-gaap:NetIncomeLoss,2026-03-13T20:06:24.000000Z,2026-09-29T12:15:50.365779Z,07c72faa90cf8515eb1ff1ca264361ca8741c2663202d2f5a25ff9c694f4ef67,CONSOLIDATED,wmt_fy26_10k_xbrl_20260313_consolidated_bridge,wmt_actual_fy26_10k_20260313
raw_wmt_fy26_10k_xbrl_20260313_ce598c0b8e73d388,wmt_fy26_10k_xbrl_20260313,walmart_consolidated_group,walmart_inc_us_de,,,operating_income_year,2024-02-01,2025-01-31,YEAR,USD,USD,29348000000,OperatingIncomeLoss,F,SEC_XBRL_NON_DIMENSIONAL_DECIMALS_MINUS6_V1,map_wmt_fy26_10k_xbrl_20260313_97f08a718825,SOURCE_EXTRACTED,snap_19e71824e3f7a4178a7e30e19a55adb44a2f24dc87217e7c1221d25044538fa7,us-gaap:OperatingIncomeLoss,2026-03-13T20:06:24.000000Z,2026-09-29T12:15:50.365779Z,07c72faa90cf8515eb1ff1ca264361ca8741c2663202d2f5a25ff9c694f4ef67,CONSOLIDATED,wmt_fy26_10k_xbrl_20260313_consolidated_bridge,wmt_actual_fy26_10k_20260313
raw_wmt_fy26_10k_xbrl_20260313_caa03fe5c816fd9f,wmt_fy26_10k_xbrl_20260313,walmart_consolidated_group,walmart_inc_us_de,,,capital_expenditure_payments_year,2024-02-01,2025-01-31,YEAR,USD,USD,23783000000,PaymentsToAcquirePropertyPlantAndEquipment,F,SEC_XBRL_NON_DIMENSIONAL_DECIMALS_MINUS6_V1,map_wmt_fy26_10k_xbrl_20260313_6168363478b8,SOURCE_EXTRACTED,snap_19e71824e3f7a4178a7e30e19a55adb44a2f24dc87217e7c1221d25044538fa7,us-gaap:PaymentsToAcquirePropertyPlantAndEquipment,2026-03-13T20:06:24.000000Z,2026-09-29T12:15:50.365779Z,07c72faa90cf8515eb1ff1ca264361ca8741c2663202d2f5a25ff9c694f4ef67,CONSOLIDATED,wmt_fy26_10k_xbrl_20260313_consolidated_bridge,wmt_actual_fy26_10k_20260313
raw_wmt_fy26_10k_xbrl_20260313_7acb95c530777f98,wmt_fy26_10k_xbrl_20260313,walmart_consolidated_group,walmart_inc_us_de,,,net_sales_year,2024-02-01,2025-01-31,YEAR,USD,USD,674538000000,RevenueFromContractWithCustomerExcludingAssessedTax,F,SEC_XBRL_NON_DIMENSIONAL_DECIMALS_MINUS6_V1,map_wmt_fy26_10k_xbrl_20260313_d817ba1a05a2,SOURCE_EXTRACTED,snap_19e71824e3f7a4178a7e30e19a55adb44a2f24dc87217e7c1221d25044538fa7,us-gaap:RevenueFromContractWithCustomerExcludingAssessedTax,2026-03-13T20:06:24.000000Z,2026-09-29T12:15:50.365779Z,07c72faa90cf8515eb1ff1ca264361ca8741c2663202d2f5a25ff9c694f4ef67,CONSOLIDATED,wmt_fy26_10k_xbrl_20260313_consolidated_bridge,wmt_actual_fy26_10k_20260313
raw_wmt_fy26_10k_xbrl_20260313_11a664f913fa172a,wmt_fy26_10k_xbrl_20260313,walmart_consolidated_group,walmart_inc_us_de,,,total_revenue_year,2024-02-01,2025-01-31,YEAR,USD,USD,680985000000,Revenues,F,SEC_XBRL_NON_DIMENSIONAL_DECIMALS_MINUS6_V1,map_wmt_fy26_10k_xbrl_20260313_f181667a2fb7,SOURCE_EXTRACTED,snap_19e71824e3f7a4178a7e30e19a55adb44a2f24dc87217e7c1221d25044538fa7,us-gaap:Revenues,2026-03-13T20:06:24.000000Z,2026-09-29T12:15:50.365779Z,07c72faa90cf8515eb1ff1ca264361ca8741c2663202d2f5a25ff9c694f4ef67,CONSOLIDATED,wmt_fy26_10k_xbrl_20260313_consolidated_bridge,wmt_actual_fy26_10k_20260313
raw_wmt_fy26_10k_xbrl_20260313_fc08dea74112e60e,wmt_fy26_10k_xbrl_20260313,walmart_consolidated_group,walmart_inc_us_de,,,operating_sga_year,2024-02-01,2025-01-31,YEAR,USD,USD,139884000000,SellingGeneralAndAdministrativeExpense,F,SEC_XBRL_NON_DIMENSIONAL_DECIMALS_MINUS6_V1,map_wmt_fy26_10k_xbrl_20260313_2767881d3621,SOURCE_EXTRACTED,snap_19e71824e3f7a4178a7e30e19a55adb44a2f24dc87217e7c1221d25044538fa7,us-gaap:SellingGeneralAndAdministrativeExpense,2026-03-13T20:06:24.000000Z,2026-09-29T12:15:50.365779Z,07c72faa90cf8515eb1ff1ca264361ca8741c2663202d2f5a25ff9c694f4ef67,CONSOLIDATED,wmt_fy26_10k_xbrl_20260313_consolidated_bridge,wmt_actual_fy26_10k_20260313
raw_wmt_fy26_10k_xbrl_20260313_69061b315e7833cb,wmt_fy26_10k_xbrl_20260313,walmart_consolidated_group,walmart_inc_us_de,,,accounts_payable,2025-01-31,2025-01-31,INSTANT,USD,USD,58666000000,AccountsPayableCurrent,F,SEC_XBRL_NON_DIMENSIONAL_DECIMALS_MINUS6_V1,map_wmt_fy26_10k_xbrl_20260313_e6dadc5355ad,SOURCE_EXTRACTED,snap_19e71824e3f7a4178a7e30e19a55adb44a2f24dc87217e7c1221d25044538fa7,us-gaap:AccountsPayableCurrent,2026-03-13T20:06:24.000000Z,2026-09-29T12:15:50.365779Z,07c72faa90cf8515eb1ff1ca264361ca8741c2663202d2f5a25ff9c694f4ef67,CONSOLIDATED,wmt_fy26_10k_xbrl_20260313_consolidated_bridge,wmt_actual_fy26_10k_20260313
raw_wmt_fy26_10k_xbrl_20260313_63e49bfc4be9f29a,wmt_fy26_10k_xbrl_20260313,walmart_consolidated_group,walmart_inc_us_de,,,accrued_liabilities,2025-01-31,2025-01-31,INSTANT,USD,USD,29345000000,AccruedLiabilitiesCurrent,F,SEC_XBRL_NON_DIMENSIONAL_DECIMALS_MINUS6_V1,map_wmt_fy26_10k_xbrl_20260313_0690794ed704,SOURCE_EXTRACTED,snap_19e71824e3f7a4178a7e30e19a55adb44a2f24dc87217e7c1221d25044538fa7,us-gaap:AccruedLiabilitiesCurrent,2026-03-13T20:06:24.000000Z,2026-09-29T12:15:50.365779Z,07c72faa90cf8515eb1ff1ca264361ca8741c2663202d2f5a25ff9c694f4ef67,CONSOLIDATED,wmt_fy26_10k_xbrl_20260313_consolidated_bridge,wmt_actual_fy26_10k_20260313
raw_wmt_fy26_10k_xbrl_20260313_e9243ed800a6688a,wmt_fy26_10k_xbrl_20260313,walmart_consolidated_group,walmart_inc_us_de,,,total_assets,2025-01-31,2025-01-31,INSTANT,USD,USD,260823000000,Assets,F,SEC_XBRL_NON_DIMENSIONAL_DECIMALS_MINUS6_V1,map_wmt_fy26_10k_xbrl_20260313_4c7b004e78ab,SOURCE_EXTRACTED,snap_19e71824e3f7a4178a7e30e19a55adb44a2f24dc87217e7c1221d25044538fa7,us-gaap:Assets,2026-03-13T20:06:24.000000Z,2026-09-29T12:15:50.365779Z,07c72faa90cf8515eb1ff1ca264361ca8741c2663202d2f5a25ff9c694f4ef67,CONSOLIDATED,wmt_fy26_10k_xbrl_20260313_consolidated_bridge,wmt_actual_fy26_10k_20260313
raw_wmt_fy26_10k_xbrl_20260313_997b6c9831978b75,wmt_fy26_10k_xbrl_20260313,walmart_consolidated_group,walmart_inc_us_de,,,current_assets,2025-01-31,2025-01-31,INSTANT,USD,USD,79458000000,AssetsCurrent,F,SEC_XBRL_NON_DIMENSIONAL_DECIMALS_MINUS6_V1,map_wmt_fy26_10k_xbrl_20260313_6f2672bfcb05,SOURCE_EXTRACTED,snap_19e71824e3f7a4178a7e30e19a55adb44a2f24dc87217e7c1221d25044538fa7,us-gaap:AssetsCurrent,2026-03-13T20:06:24.000000Z,2026-09-29T12:15:50.365779Z,07c72faa90cf8515eb1ff1ca264361ca8741c2663202d2f5a25ff9c694f4ef67,CONSOLIDATED,wmt_fy26_10k_xbrl_20260313_consolidated_bridge,wmt_actual_fy26_10k_20260313
raw_wmt_fy26_10k_xbrl_20260313_48fd557b1a4ec26a,wmt_fy26_10k_xbrl_20260313,walmart_consolidated_group,walmart_inc_us_de,,,cash_and_equivalents,2025-01-31,2025-01-31,INSTANT,USD,USD,9037000000,CashAndCashEquivalentsAtCarryingValue,F,SEC_XBRL_NON_DIMENSIONAL_DECIMALS_MINUS6_V1,map_wmt_fy26_10k_xbrl_20260313_daea1c4a9793,SOURCE_EXTRACTED,snap_19e71824e3f7a4178a7e30e19a55adb44a2f24dc87217e7c1221d25044538fa7,us-gaap:CashAndCashEquivalentsAtCarryingValue,2026-03-13T20:06:24.000000Z,2026-09-29T12:15:50.365779Z,07c72faa90cf8515eb1ff1ca264361ca8741c2663202d2f5a25ff9c694f4ef67,CONSOLIDATED,wmt_fy26_10k_xbrl_20260313_consolidated_bridge,wmt_actual_fy26_10k_20260313
raw_wmt_fy26_10k_xbrl_20260313_a7862da01f064ca2,wmt_fy26_10k_xbrl_20260313,walmart_consolidated_group,walmart_inc_us_de,,,cash_restricted_end,2025-01-31,2025-01-31,INSTANT,USD,USD,9536000000,CashCashEquivalentsRestrictedCashAndRestrictedCashEquivalents,F,SEC_XBRL_NON_DIMENSIONAL_DECIMALS_MINUS6_V1,map_wmt_fy26_10k_xbrl_20260313_285ed45a2499,SOURCE_EXTRACTED,snap_19e71824e3f7a4178a7e30e19a55adb44a2f24dc87217e7c1221d25044538fa7,us-gaap:CashCashEquivalentsRestrictedCashAndRestrictedCashEquivalents,2026-03-13T20:06:24.000000Z,2026-09-29T12:15:50.365779Z,07c72faa90cf8515eb1ff1ca264361ca8741c2663202d2f5a25ff9c694f4ef67,CONSOLIDATED,wmt_fy26_10k_xbrl_20260313_consolidated_bridge,wmt_actual_fy26_10k_20260313
raw_wmt_fy26_10k_xbrl_20260313_d1a3a4681b940192,wmt_fy26_10k_xbrl_20260313,walmart_consolidated_group,walmart_inc_us_de,,,inventory,2025-01-31,2025-01-31,INSTANT,USD,USD,56435000000,InventoryNet,F,SEC_XBRL_NON_DIMENSIONAL_DECIMALS_MINUS6_V1,map_wmt_fy26_10k_xbrl_20260313_3bbf61f1da5f,SOURCE_EXTRACTED,snap_19e71824e3f7a4178a7e30e19a55adb44a2f24dc87217e7c1221d25044538fa7,us-gaap:InventoryNet,2026-03-13T20:06:24.000000Z,2026-09-29T12:15:50.365779Z,07c72faa90cf8515eb1ff1ca264361ca8741c2663202d2f5a25ff9c694f4ef67,CONSOLIDATED,wmt_fy26_10k_xbrl_20260313_consolidated_bridge,wmt_actual_fy26_10k_20260313
raw_wmt_fy26_10k_xbrl_20260313_e974deecfb850a65,wmt_fy26_10k_xbrl_20260313,walmart_consolidated_group,walmart_inc_us_de,,,total_liabilities_equity,2025-01-31,2025-01-31,INSTANT,USD,USD,260823000000,LiabilitiesAndStockholdersEquity,F,SEC_XBRL_NON_DIMENSIONAL_DECIMALS_MINUS6_V1,map_wmt_fy26_10k_xbrl_20260313_616e2ca2ad7f,SOURCE_EXTRACTED,snap_19e71824e3f7a4178a7e30e19a55adb44a2f24dc87217e7c1221d25044538fa7,us-gaap:LiabilitiesAndStockholdersEquity,2026-03-13T20:06:24.000000Z,2026-09-29T12:15:50.365779Z,07c72faa90cf8515eb1ff1ca264361ca8741c2663202d2f5a25ff9c694f4ef67,CONSOLIDATED,wmt_fy26_10k_xbrl_20260313_consolidated_bridge,wmt_actual_fy26_10k_20260313
raw_wmt_fy26_10k_xbrl_20260313_15113a51de1388a0,wmt_fy26_10k_xbrl_20260313,walmart_consolidated_group,walmart_inc_us_de,,,current_liabilities,2025-01-31,2025-01-31,INSTANT,USD,USD,96584000000,LiabilitiesCurrent,F,SEC_XBRL_NON_DIMENSIONAL_DECIMALS_MINUS6_V1,map_wmt_fy26_10k_xbrl_20260313_db39ade49d4a,SOURCE_EXTRACTED,snap_19e71824e3f7a4178a7e30e19a55adb44a2f24dc87217e7c1221d25044538fa7,us-gaap:LiabilitiesCurrent,2026-03-13T20:06:24.000000Z,2026-09-29T12:15:50.365779Z,07c72faa90cf8515eb1ff1ca264361ca8741c2663202d2f5a25ff9c694f4ef67,CONSOLIDATED,wmt_fy26_10k_xbrl_20260313_consolidated_bridge,wmt_actual_fy26_10k_20260313
raw_wmt_fy26_10k_xbrl_20260313_0000430abb66a899,wmt_fy26_10k_xbrl_20260313,walmart_consolidated_group,walmart_inc_us_de,,,current_debt,2025-01-31,2025-01-31,INSTANT,USD,USD,2598000000,LongTermDebtCurrent,F,SEC_XBRL_NON_DIMENSIONAL_DECIMALS_MINUS6_V1,map_wmt_fy26_10k_xbrl_20260313_c1995041419f,SOURCE_EXTRACTED,snap_19e71824e3f7a4178a7e30e19a55adb44a2f24dc87217e7c1221d25044538fa7,us-gaap:LongTermDebtCurrent,2026-03-13T20:06:24.000000Z,2026-09-29T12:15:50.365779Z,07c72faa90cf8515eb1ff1ca264361ca8741c2663202d2f5a25ff9c694f4ef67,CONSOLIDATED,wmt_fy26_10k_xbrl_20260313_consolidated_bridge,wmt_actual_fy26_10k_20260313
raw_wmt_fy26_10k_xbrl_20260313_d6ba257d8479e532,wmt_fy26_10k_xbrl_20260313,walmart_consolidated_group,walmart_inc_us_de,,,noncurrent_debt,2025-01-31,2025-01-31,INSTANT,USD,USD,33401000000,LongTermDebtNoncurrent,F,SEC_XBRL_NON_DIMENSIONAL_DECIMALS_MINUS6_V1,map_wmt_fy26_10k_xbrl_20260313_4af21a1d21c4,SOURCE_EXTRACTED,snap_19e71824e3f7a4178a7e30e19a55adb44a2f24dc87217e7c1221d25044538fa7,us-gaap:LongTermDebtNoncurrent,2026-03-13T20:06:24.000000Z,2026-09-29T12:15:50.365779Z,07c72faa90cf8515eb1ff1ca264361ca8741c2663202d2f5a25ff9c694f4ef67,CONSOLIDATED,wmt_fy26_10k_xbrl_20260313_consolidated_bridge,wmt_actual_fy26_10k_20260313
raw_wmt_fy26_10k_xbrl_20260313_a1047f60082213d9,wmt_fy26_10k_xbrl_20260313,walmart_consolidated_group,walmart_inc_us_de,,,ppe_net,2025-01-31,2025-01-31,INSTANT,USD,USD,119993000000,PropertyPlantAndEquipmentNet,F,SEC_XBRL_NON_DIMENSIONAL_DECIMALS_MINUS6_V1,map_wmt_fy26_10k_xbrl_20260313_a4fb5c4de45c,SOURCE_EXTRACTED,snap_19e71824e3f7a4178a7e30e19a55adb44a2f24dc87217e7c1221d25044538fa7,us-gaap:PropertyPlantAndEquipmentNet,2026-03-13T20:06:24.000000Z,2026-09-29T12:15:50.365779Z,07c72faa90cf8515eb1ff1ca264361ca8741c2663202d2f5a25ff9c694f4ef67,CONSOLIDATED,wmt_fy26_10k_xbrl_20260313_consolidated_bridge,wmt_actual_fy26_10k_20260313
raw_wmt_fy26_10k_xbrl_20260313_96bfa652f5d5f59b,wmt_fy26_10k_xbrl_20260313,walmart_consolidated_group,walmart_inc_us_de,,,receivables,2025-01-31,2025-01-31,INSTANT,USD,USD,9975000000,ReceivablesNetCurrent,F,SEC_XBRL_NON_DIMENSIONAL_DECIMALS_MINUS6_V1,map_wmt_fy26_10k_xbrl_20260313_e3b3dab295ae,SOURCE_EXTRACTED,snap_19e71824e3f7a4178a7e30e19a55adb44a2f24dc87217e7c1221d25044538fa7,us-gaap:ReceivablesNetCurrent,2026-03-13T20:06:24.000000Z,2026-09-29T12:15:50.365779Z,07c72faa90cf8515eb1ff1ca264361ca8741c2663202d2f5a25ff9c694f4ef67,CONSOLIDATED,wmt_fy26_10k_xbrl_20260313_consolidated_bridge,wmt_actual_fy26_10k_20260313
raw_wmt_fy26_10k_xbrl_20260313_5f4f72485062ed58,wmt_fy26_10k_xbrl_20260313,walmart_consolidated_group,walmart_inc_us_de,,,total_equity,2025-01-31,2025-01-31,INSTANT,USD,USD,97421000000,StockholdersEquityIncludingPortionAttributableToNoncontrollingInterest,F,SEC_XBRL_NON_DIMENSIONAL_DECIMALS_MINUS6_V1,map_wmt_fy26_10k_xbrl_20260313_e10949597e52,SOURCE_EXTRACTED,snap_19e71824e3f7a4178a7e30e19a55adb44a2f24dc87217e7c1221d25044538fa7,us-gaap:StockholdersEquityIncludingPortionAttributableToNoncontrollingInterest,2026-03-13T20:06:24.000000Z,2026-09-29T12:15:50.365779Z,07c72faa90cf8515eb1ff1ca264361ca8741c2663202d2f5a25ff9c694f4ef67,CONSOLIDATED,wmt_fy26_10k_xbrl_20260313_consolidated_bridge,wmt_actual_fy26_10k_20260313
raw_wmt_fy26_10k_xbrl_20260313_9712420ad5848300,wmt_fy26_10k_xbrl_20260313,walmart_consolidated_group,walmart_inc_us_de,,,cost_of_sales_year,2025-02-01,2026-01-31,YEAR,USD,USD,535395000000,CostOfRevenue,F,SEC_XBRL_NON_DIMENSIONAL_DECIMALS_MINUS6_V1,map_wmt_fy26_10k_xbrl_20260313_00aff5e2ca5f,SOURCE_EXTRACTED,snap_19e71824e3f7a4178a7e30e19a55adb44a2f24dc87217e7c1221d25044538fa7,us-gaap:CostOfRevenue,2026-03-13T20:06:24.000000Z,2026-09-29T12:15:50.365779Z,07c72faa90cf8515eb1ff1ca264361ca8741c2663202d2f5a25ff9c694f4ef67,CONSOLIDATED,wmt_fy26_10k_xbrl_20260313_consolidated_bridge,wmt_actual_fy26_10k_20260313
raw_wmt_fy26_10k_xbrl_20260313_f455c10d741b0951,wmt_fy26_10k_xbrl_20260313,walmart_consolidated_group,walmart_inc_us_de,,,depreciation_amortization_year,2025-02-01,2026-01-31,YEAR,USD,USD,14203000000,DepreciationAmortizationAndAccretionNet,F,SEC_XBRL_NON_DIMENSIONAL_DECIMALS_MINUS6_V1,map_wmt_fy26_10k_xbrl_20260313_4d33fa42d8d2,SOURCE_EXTRACTED,snap_19e71824e3f7a4178a7e30e19a55adb44a2f24dc87217e7c1221d25044538fa7,us-gaap:DepreciationAmortizationAndAccretionNet,2026-03-13T20:06:24.000000Z,2026-09-29T12:15:50.365779Z,07c72faa90cf8515eb1ff1ca264361ca8741c2663202d2f5a25ff9c694f4ef67,CONSOLIDATED,wmt_fy26_10k_xbrl_20260313_consolidated_bridge,wmt_actual_fy26_10k_20260313
raw_wmt_fy26_10k_xbrl_20260313_52fbd0d8956b4677,wmt_fy26_10k_xbrl_20260313,walmart_consolidated_group,walmart_inc_us_de,,,fx_effect_on_cash_year,2025-02-01,2026-01-31,YEAR,USD,USD,123000000,EffectOfExchangeRateOnCashCashEquivalentsRestrictedCashAndRestrictedCashEquivalents,F,SEC_XBRL_NON_DIMENSIONAL_DECIMALS_MINUS6_V1,map_wmt_fy26_10k_xbrl_20260313_1e3002d7e971,SOURCE_EXTRACTED,snap_19e71824e3f7a4178a7e30e19a55adb44a2f24dc87217e7c1221d25044538fa7,us-gaap:EffectOfExchangeRateOnCashCashEquivalentsRestrictedCashAndRestrictedCashEquivalents,2026-03-13T20:06:24.000000Z,2026-09-29T12:15:50.365779Z,07c72faa90cf8515eb1ff1ca264361ca8741c2663202d2f5a25ff9c694f4ef67,CONSOLIDATED,wmt_fy26_10k_xbrl_20260313_consolidated_bridge,wmt_actual_fy26_10k_20260313
raw_wmt_fy26_10k_xbrl_20260313_8e4e38d23bb86ee7,wmt_fy26_10k_xbrl_20260313,walmart_consolidated_group,walmart_inc_us_de,,,income_before_tax_year,2025-02-01,2026-01-31,YEAR,USD,USD,29469000000,IncomeLossFromContinuingOperationsBeforeIncomeTaxesExtraordinaryItemsNoncontrollingInterest,F,SEC_XBRL_NON_DIMENSIONAL_DECIMALS_MINUS6_V1,map_wmt_fy26_10k_xbrl_20260313_70da0fe0aec2,SOURCE_EXTRACTED,snap_19e71824e3f7a4178a7e30e19a55adb44a2f24dc87217e7c1221d25044538fa7,us-gaap:IncomeLossFromContinuingOperationsBeforeIncomeTaxesExtraordinaryItemsNoncontrollingInterest,2026-03-13T20:06:24.000000Z,2026-09-29T12:15:50.365779Z,07c72faa90cf8515eb1ff1ca264361ca8741c2663202d2f5a25ff9c694f4ef67,CONSOLIDATED,wmt_fy26_10k_xbrl_20260313_consolidated_bridge,wmt_actual_fy26_10k_20260313
raw_wmt_fy26_10k_xbrl_20260313_52256b5c08511aea,wmt_fy26_10k_xbrl_20260313,walmart_consolidated_group,walmart_inc_us_de,,,income_tax_expense_year,2025-02-01,2026-01-31,YEAR,USD,USD,7199000000,IncomeTaxExpenseBenefit,F,SEC_XBRL_NON_DIMENSIONAL_DECIMALS_MINUS6_V1,map_wmt_fy26_10k_xbrl_20260313_2ad6a31a3689,SOURCE_EXTRACTED,snap_19e71824e3f7a4178a7e30e19a55adb44a2f24dc87217e7c1221d25044538fa7,us-gaap:IncomeTaxExpenseBenefit,2026-03-13T20:06:24.000000Z,2026-09-29T12:15:50.365779Z,07c72faa90cf8515eb1ff1ca264361ca8741c2663202d2f5a25ff9c694f4ef67,CONSOLIDATED,wmt_fy26_10k_xbrl_20260313_consolidated_bridge,wmt_actual_fy26_10k_20260313
raw_wmt_fy26_10k_xbrl_20260313_df992ae4042dd15e,wmt_fy26_10k_xbrl_20260313,walmart_consolidated_group,walmart_inc_us_de,,,financing_cash_flow_year,2025-02-01,2026-01-31,YEAR,USD,USD,-13553000000,NetCashProvidedByUsedInFinancingActivities,F,SEC_XBRL_NON_DIMENSIONAL_DECIMALS_MINUS6_V1,map_wmt_fy26_10k_xbrl_20260313_290bfc165f27,SOURCE_EXTRACTED,snap_19e71824e3f7a4178a7e30e19a55adb44a2f24dc87217e7c1221d25044538fa7,us-gaap:NetCashProvidedByUsedInFinancingActivities,2026-03-13T20:06:24.000000Z,2026-09-29T12:15:50.365779Z,07c72faa90cf8515eb1ff1ca264361ca8741c2663202d2f5a25ff9c694f4ef67,CONSOLIDATED,wmt_fy26_10k_xbrl_20260313_consolidated_bridge,wmt_actual_fy26_10k_20260313
raw_wmt_fy26_10k_xbrl_20260313_e7d514b18e91c203,wmt_fy26_10k_xbrl_20260313,walmart_consolidated_group,walmart_inc_us_de,,,investing_cash_flow_year,2025-02-01,2026-01-31,YEAR,USD,USD,-26350000000,NetCashProvidedByUsedInInvestingActivities,F,SEC_XBRL_NON_DIMENSIONAL_DECIMALS_MINUS6_V1,map_wmt_fy26_10k_xbrl_20260313_88237903c757,SOURCE_EXTRACTED,snap_19e71824e3f7a4178a7e30e19a55adb44a2f24dc87217e7c1221d25044538fa7,us-gaap:NetCashProvidedByUsedInInvestingActivities,2026-03-13T20:06:24.000000Z,2026-09-29T12:15:50.365779Z,07c72faa90cf8515eb1ff1ca264361ca8741c2663202d2f5a25ff9c694f4ef67,CONSOLIDATED,wmt_fy26_10k_xbrl_20260313_consolidated_bridge,wmt_actual_fy26_10k_20260313
raw_wmt_fy26_10k_xbrl_20260313_fb50df92cb89ae55,wmt_fy26_10k_xbrl_20260313,walmart_consolidated_group,walmart_inc_us_de,,,operating_cash_flow_year,2025-02-01,2026-01-31,YEAR,USD,USD,41565000000,NetCashProvidedByUsedInOperatingActivities,F,SEC_XBRL_NON_DIMENSIONAL_DECIMALS_MINUS6_V1,map_wmt_fy26_10k_xbrl_20260313_d6a76ac23407,SOURCE_EXTRACTED,snap_19e71824e3f7a4178a7e30e19a55adb44a2f24dc87217e7c1221d25044538fa7,us-gaap:NetCashProvidedByUsedInOperatingActivities,2026-03-13T20:06:24.000000Z,2026-09-29T12:15:50.365779Z,07c72faa90cf8515eb1ff1ca264361ca8741c2663202d2f5a25ff9c694f4ef67,CONSOLIDATED,wmt_fy26_10k_xbrl_20260313_consolidated_bridge,wmt_actual_fy26_10k_20260313
raw_wmt_fy26_10k_xbrl_20260313_22277b84d49cbfd4,wmt_fy26_10k_xbrl_20260313,walmart_consolidated_group,walmart_inc_us_de,,,consolidated_net_income_year,2025-02-01,2026-01-31,YEAR,USD,USD,21893000000,NetIncomeLoss,F,SEC_XBRL_NON_DIMENSIONAL_DECIMALS_MINUS6_V1,map_wmt_fy26_10k_xbrl_20260313_0fe7a22030ae,SOURCE_EXTRACTED,snap_19e71824e3f7a4178a7e30e19a55adb44a2f24dc87217e7c1221d25044538fa7,us-gaap:NetIncomeLoss,2026-03-13T20:06:24.000000Z,2026-09-29T12:15:50.365779Z,07c72faa90cf8515eb1ff1ca264361ca8741c2663202d2f5a25ff9c694f4ef67,CONSOLIDATED,wmt_fy26_10k_xbrl_20260313_consolidated_bridge,wmt_actual_fy26_10k_20260313
raw_wmt_fy26_10k_xbrl_20260313_3bfce768cf490713,wmt_fy26_10k_xbrl_20260313,walmart_consolidated_group,walmart_inc_us_de,,,operating_income_year,2025-02-01,2026-01-31,YEAR,USD,USD,29825000000,OperatingIncomeLoss,F,SEC_XBRL_NON_DIMENSIONAL_DECIMALS_MINUS6_V1,map_wmt_fy26_10k_xbrl_20260313_97f08a718825,SOURCE_EXTRACTED,snap_19e71824e3f7a4178a7e30e19a55adb44a2f24dc87217e7c1221d25044538fa7,us-gaap:OperatingIncomeLoss,2026-03-13T20:06:24.000000Z,2026-09-29T12:15:50.365779Z,07c72faa90cf8515eb1ff1ca264361ca8741c2663202d2f5a25ff9c694f4ef67,CONSOLIDATED,wmt_fy26_10k_xbrl_20260313_consolidated_bridge,wmt_actual_fy26_10k_20260313
raw_wmt_fy26_10k_xbrl_20260313_b4b6189076e4608a,wmt_fy26_10k_xbrl_20260313,walmart_consolidated_group,walmart_inc_us_de,,,capital_expenditure_payments_year,2025-02-01,2026-01-31,YEAR,USD,USD,26642000000,PaymentsToAcquirePropertyPlantAndEquipment,F,SEC_XBRL_NON_DIMENSIONAL_DECIMALS_MINUS6_V1,map_wmt_fy26_10k_xbrl_20260313_6168363478b8,SOURCE_EXTRACTED,snap_19e71824e3f7a4178a7e30e19a55adb44a2f24dc87217e7c1221d25044538fa7,us-gaap:PaymentsToAcquirePropertyPlantAndEquipment,2026-03-13T20:06:24.000000Z,2026-09-29T12:15:50.365779Z,07c72faa90cf8515eb1ff1ca264361ca8741c2663202d2f5a25ff9c694f4ef67,CONSOLIDATED,wmt_fy26_10k_xbrl_20260313_consolidated_bridge,wmt_actual_fy26_10k_20260313
raw_wmt_fy26_10k_xbrl_20260313_b01ac1ae5a1d2ddd,wmt_fy26_10k_xbrl_20260313,walmart_consolidated_group,walmart_inc_us_de,,,net_sales_year,2025-02-01,2026-01-31,YEAR,USD,USD,706413000000,RevenueFromContractWithCustomerExcludingAssessedTax,F,SEC_XBRL_NON_DIMENSIONAL_DECIMALS_MINUS6_V1,map_wmt_fy26_10k_xbrl_20260313_d817ba1a05a2,SOURCE_EXTRACTED,snap_19e71824e3f7a4178a7e30e19a55adb44a2f24dc87217e7c1221d25044538fa7,us-gaap:RevenueFromContractWithCustomerExcludingAssessedTax,2026-03-13T20:06:24.000000Z,2026-09-29T12:15:50.365779Z,07c72faa90cf8515eb1ff1ca264361ca8741c2663202d2f5a25ff9c694f4ef67,CONSOLIDATED,wmt_fy26_10k_xbrl_20260313_consolidated_bridge,wmt_actual_fy26_10k_20260313
raw_wmt_fy26_10k_xbrl_20260313_3e0c94340aee82d2,wmt_fy26_10k_xbrl_20260313,walmart_consolidated_group,walmart_inc_us_de,,,total_revenue_year,2025-02-01,2026-01-31,YEAR,USD,USD,713163000000,Revenues,F,SEC_XBRL_NON_DIMENSIONAL_DECIMALS_MINUS6_V1,map_wmt_fy26_10k_xbrl_20260313_f181667a2fb7,SOURCE_EXTRACTED,snap_19e71824e3f7a4178a7e30e19a55adb44a2f24dc87217e7c1221d25044538fa7,us-gaap:Revenues,2026-03-13T20:06:24.000000Z,2026-09-29T12:15:50.365779Z,07c72faa90cf8515eb1ff1ca264361ca8741c2663202d2f5a25ff9c694f4ef67,CONSOLIDATED,wmt_fy26_10k_xbrl_20260313_consolidated_bridge,wmt_actual_fy26_10k_20260313
raw_wmt_fy26_10k_xbrl_20260313_1b8a4a47a1d5eff1,wmt_fy26_10k_xbrl_20260313,walmart_consolidated_group,walmart_inc_us_de,,,operating_sga_year,2025-02-01,2026-01-31,YEAR,USD,USD,147943000000,SellingGeneralAndAdministrativeExpense,F,SEC_XBRL_NON_DIMENSIONAL_DECIMALS_MINUS6_V1,map_wmt_fy26_10k_xbrl_20260313_2767881d3621,SOURCE_EXTRACTED,snap_19e71824e3f7a4178a7e30e19a55adb44a2f24dc87217e7c1221d25044538fa7,us-gaap:SellingGeneralAndAdministrativeExpense,2026-03-13T20:06:24.000000Z,2026-09-29T12:15:50.365779Z,07c72faa90cf8515eb1ff1ca264361ca8741c2663202d2f5a25ff9c694f4ef67,CONSOLIDATED,wmt_fy26_10k_xbrl_20260313_consolidated_bridge,wmt_actual_fy26_10k_20260313
raw_wmt_fy26_10k_xbrl_20260313_9f07cb79caf565cd,wmt_fy26_10k_xbrl_20260313,walmart_consolidated_group,walmart_inc_us_de,,,accounts_payable,2026-01-31,2026-01-31,INSTANT,USD,USD,63061000000,AccountsPayableCurrent,F,SEC_XBRL_NON_DIMENSIONAL_DECIMALS_MINUS6_V1,map_wmt_fy26_10k_xbrl_20260313_e6dadc5355ad,SOURCE_EXTRACTED,snap_19e71824e3f7a4178a7e30e19a55adb44a2f24dc87217e7c1221d25044538fa7,us-gaap:AccountsPayableCurrent,2026-03-13T20:06:24.000000Z,2026-09-29T12:15:50.365779Z,07c72faa90cf8515eb1ff1ca264361ca8741c2663202d2f5a25ff9c694f4ef67,CONSOLIDATED,wmt_fy26_10k_xbrl_20260313_consolidated_bridge,wmt_actual_fy26_10k_20260313
raw_wmt_fy26_10k_xbrl_20260313_1fd3ebf52aae33f0,wmt_fy26_10k_xbrl_20260313,walmart_consolidated_group,walmart_inc_us_de,,,accrued_liabilities,2026-01-31,2026-01-31,INSTANT,USD,USD,31187000000,AccruedLiabilitiesCurrent,F,SEC_XBRL_NON_DIMENSIONAL_DECIMALS_MINUS6_V1,map_wmt_fy26_10k_xbrl_20260313_0690794ed704,SOURCE_EXTRACTED,snap_19e71824e3f7a4178a7e30e19a55adb44a2f24dc87217e7c1221d25044538fa7,us-gaap:AccruedLiabilitiesCurrent,2026-03-13T20:06:24.000000Z,2026-09-29T12:15:50.365779Z,07c72faa90cf8515eb1ff1ca264361ca8741c2663202d2f5a25ff9c694f4ef67,CONSOLIDATED,wmt_fy26_10k_xbrl_20260313_consolidated_bridge,wmt_actual_fy26_10k_20260313
raw_wmt_fy26_10k_xbrl_20260313_a82b78d68e2ac1c7,wmt_fy26_10k_xbrl_20260313,walmart_consolidated_group,walmart_inc_us_de,,,total_assets,2026-01-31,2026-01-31,INSTANT,USD,USD,284668000000,Assets,F,SEC_XBRL_NON_DIMENSIONAL_DECIMALS_MINUS6_V1,map_wmt_fy26_10k_xbrl_20260313_4c7b004e78ab,SOURCE_EXTRACTED,snap_19e71824e3f7a4178a7e30e19a55adb44a2f24dc87217e7c1221d25044538fa7,us-gaap:Assets,2026-03-13T20:06:24.000000Z,2026-09-29T12:15:50.365779Z,07c72faa90cf8515eb1ff1ca264361ca8741c2663202d2f5a25ff9c694f4ef67,CONSOLIDATED,wmt_fy26_10k_xbrl_20260313_consolidated_bridge,wmt_actual_fy26_10k_20260313
raw_wmt_fy26_10k_xbrl_20260313_05a609b93f465116,wmt_fy26_10k_xbrl_20260313,walmart_consolidated_group,walmart_inc_us_de,,,current_assets,2026-01-31,2026-01-31,INSTANT,USD,USD,84874000000,AssetsCurrent,F,SEC_XBRL_NON_DIMENSIONAL_DECIMALS_MINUS6_V1,map_wmt_fy26_10k_xbrl_20260313_6f2672bfcb05,SOURCE_EXTRACTED,snap_19e71824e3f7a4178a7e30e19a55adb44a2f24dc87217e7c1221d25044538fa7,us-gaap:AssetsCurrent,2026-03-13T20:06:24.000000Z,2026-09-29T12:15:50.365779Z,07c72faa90cf8515eb1ff1ca264361ca8741c2663202d2f5a25ff9c694f4ef67,CONSOLIDATED,wmt_fy26_10k_xbrl_20260313_consolidated_bridge,wmt_actual_fy26_10k_20260313
raw_wmt_fy26_10k_xbrl_20260313_f8004e96f2d16dd8,wmt_fy26_10k_xbrl_20260313,walmart_consolidated_group,walmart_inc_us_de,,,cash_and_equivalents,2026-01-31,2026-01-31,INSTANT,USD,USD,10727000000,CashAndCashEquivalentsAtCarryingValue,F,SEC_XBRL_NON_DIMENSIONAL_DECIMALS_MINUS6_V1,map_wmt_fy26_10k_xbrl_20260313_daea1c4a9793,SOURCE_EXTRACTED,snap_19e71824e3f7a4178a7e30e19a55adb44a2f24dc87217e7c1221d25044538fa7,us-gaap:CashAndCashEquivalentsAtCarryingValue,2026-03-13T20:06:24.000000Z,2026-09-29T12:15:50.365779Z,07c72faa90cf8515eb1ff1ca264361ca8741c2663202d2f5a25ff9c694f4ef67,CONSOLIDATED,wmt_fy26_10k_xbrl_20260313_consolidated_bridge,wmt_actual_fy26_10k_20260313
raw_wmt_fy26_10k_xbrl_20260313_89606708b83d1570,wmt_fy26_10k_xbrl_20260313,walmart_consolidated_group,walmart_inc_us_de,,,cash_restricted_end,2026-01-31,2026-01-31,INSTANT,USD,USD,11321000000,CashCashEquivalentsRestrictedCashAndRestrictedCashEquivalents,F,SEC_XBRL_NON_DIMENSIONAL_DECIMALS_MINUS6_V1,map_wmt_fy26_10k_xbrl_20260313_285ed45a2499,SOURCE_EXTRACTED,snap_19e71824e3f7a4178a7e30e19a55adb44a2f24dc87217e7c1221d25044538fa7,us-gaap:CashCashEquivalentsRestrictedCashAndRestrictedCashEquivalents,2026-03-13T20:06:24.000000Z,2026-09-29T12:15:50.365779Z,07c72faa90cf8515eb1ff1ca264361ca8741c2663202d2f5a25ff9c694f4ef67,CONSOLIDATED,wmt_fy26_10k_xbrl_20260313_consolidated_bridge,wmt_actual_fy26_10k_20260313
raw_wmt_fy26_10k_xbrl_20260313_c293395d24356a4e,wmt_fy26_10k_xbrl_20260313,walmart_consolidated_group,walmart_inc_us_de,,,inventory,2026-01-31,2026-01-31,INSTANT,USD,USD,58851000000,InventoryNet,F,SEC_XBRL_NON_DIMENSIONAL_DECIMALS_MINUS6_V1,map_wmt_fy26_10k_xbrl_20260313_3bbf61f1da5f,SOURCE_EXTRACTED,snap_19e71824e3f7a4178a7e30e19a55adb44a2f24dc87217e7c1221d25044538fa7,us-gaap:InventoryNet,2026-03-13T20:06:24.000000Z,2026-09-29T12:15:50.365779Z,07c72faa90cf8515eb1ff1ca264361ca8741c2663202d2f5a25ff9c694f4ef67,CONSOLIDATED,wmt_fy26_10k_xbrl_20260313_consolidated_bridge,wmt_actual_fy26_10k_20260313
raw_wmt_fy26_10k_xbrl_20260313_f0fc3b61ef722f3c,wmt_fy26_10k_xbrl_20260313,walmart_consolidated_group,walmart_inc_us_de,,,total_liabilities_equity,2026-01-31,2026-01-31,INSTANT,USD,USD,284668000000,LiabilitiesAndStockholdersEquity,F,SEC_XBRL_NON_DIMENSIONAL_DECIMALS_MINUS6_V1,map_wmt_fy26_10k_xbrl_20260313_616e2ca2ad7f,SOURCE_EXTRACTED,snap_19e71824e3f7a4178a7e30e19a55adb44a2f24dc87217e7c1221d25044538fa7,us-gaap:LiabilitiesAndStockholdersEquity,2026-03-13T20:06:24.000000Z,2026-09-29T12:15:50.365779Z,07c72faa90cf8515eb1ff1ca264361ca8741c2663202d2f5a25ff9c694f4ef67,CONSOLIDATED,wmt_fy26_10k_xbrl_20260313_consolidated_bridge,wmt_actual_fy26_10k_20260313
raw_wmt_fy26_10k_xbrl_20260313_b84204ecf6d52cfa,wmt_fy26_10k_xbrl_20260313,walmart_consolidated_group,walmart_inc_us_de,,,current_liabilities,2026-01-31,2026-01-31,INSTANT,USD,USD,107469000000,LiabilitiesCurrent,F,SEC_XBRL_NON_DIMENSIONAL_DECIMALS_MINUS6_V1,map_wmt_fy26_10k_xbrl_20260313_db39ade49d4a,SOURCE_EXTRACTED,snap_19e71824e3f7a4178a7e30e19a55adb44a2f24dc87217e7c1221d25044538fa7,us-gaap:LiabilitiesCurrent,2026-03-13T20:06:24.000000Z,2026-09-29T12:15:50.365779Z,07c72faa90cf8515eb1ff1ca264361ca8741c2663202d2f5a25ff9c694f4ef67,CONSOLIDATED,wmt_fy26_10k_xbrl_20260313_consolidated_bridge,wmt_actual_fy26_10k_20260313
raw_wmt_fy26_10k_xbrl_20260313_ff7856d3312ed924,wmt_fy26_10k_xbrl_20260313,walmart_consolidated_group,walmart_inc_us_de,,,current_debt,2026-01-31,2026-01-31,INSTANT,USD,USD,3542000000,LongTermDebtCurrent,F,SEC_XBRL_NON_DIMENSIONAL_DECIMALS_MINUS6_V1,map_wmt_fy26_10k_xbrl_20260313_c1995041419f,SOURCE_EXTRACTED,snap_19e71824e3f7a4178a7e30e19a55adb44a2f24dc87217e7c1221d25044538fa7,us-gaap:LongTermDebtCurrent,2026-03-13T20:06:24.000000Z,2026-09-29T12:15:50.365779Z,07c72faa90cf8515eb1ff1ca264361ca8741c2663202d2f5a25ff9c694f4ef67,CONSOLIDATED,wmt_fy26_10k_xbrl_20260313_consolidated_bridge,wmt_actual_fy26_10k_20260313
raw_wmt_fy26_10k_xbrl_20260313_afe0dacdb1fb9f5f,wmt_fy26_10k_xbrl_20260313,walmart_consolidated_group,walmart_inc_us_de,,,noncurrent_debt,2026-01-31,2026-01-31,INSTANT,USD,USD,34624000000,LongTermDebtNoncurrent,F,SEC_XBRL_NON_DIMENSIONAL_DECIMALS_MINUS6_V1,map_wmt_fy26_10k_xbrl_20260313_4af21a1d21c4,SOURCE_EXTRACTED,snap_19e71824e3f7a4178a7e30e19a55adb44a2f24dc87217e7c1221d25044538fa7,us-gaap:LongTermDebtNoncurrent,2026-03-13T20:06:24.000000Z,2026-09-29T12:15:50.365779Z,07c72faa90cf8515eb1ff1ca264361ca8741c2663202d2f5a25ff9c694f4ef67,CONSOLIDATED,wmt_fy26_10k_xbrl_20260313_consolidated_bridge,wmt_actual_fy26_10k_20260313
raw_wmt_fy26_10k_xbrl_20260313_c301fe0760614b26,wmt_fy26_10k_xbrl_20260313,walmart_consolidated_group,walmart_inc_us_de,,,ppe_net,2026-01-31,2026-01-31,INSTANT,USD,USD,136083000000,PropertyPlantAndEquipmentNet,F,SEC_XBRL_NON_DIMENSIONAL_DECIMALS_MINUS6_V1,map_wmt_fy26_10k_xbrl_20260313_a4fb5c4de45c,SOURCE_EXTRACTED,snap_19e71824e3f7a4178a7e30e19a55adb44a2f24dc87217e7c1221d25044538fa7,us-gaap:PropertyPlantAndEquipmentNet,2026-03-13T20:06:24.000000Z,2026-09-29T12:15:50.365779Z,07c72faa90cf8515eb1ff1ca264361ca8741c2663202d2f5a25ff9c694f4ef67,CONSOLIDATED,wmt_fy26_10k_xbrl_20260313_consolidated_bridge,wmt_actual_fy26_10k_20260313
raw_wmt_fy26_10k_xbrl_20260313_bd802811d4cbeb8c,wmt_fy26_10k_xbrl_20260313,walmart_consolidated_group,walmart_inc_us_de,,,receivables,2026-01-31,2026-01-31,INSTANT,USD,USD,11172000000,ReceivablesNetCurrent,F,SEC_XBRL_NON_DIMENSIONAL_DECIMALS_MINUS6_V1,map_wmt_fy26_10k_xbrl_20260313_e3b3dab295ae,SOURCE_EXTRACTED,snap_19e71824e3f7a4178a7e30e19a55adb44a2f24dc87217e7c1221d25044538fa7,us-gaap:ReceivablesNetCurrent,2026-03-13T20:06:24.000000Z,2026-09-29T12:15:50.365779Z,07c72faa90cf8515eb1ff1ca264361ca8741c2663202d2f5a25ff9c694f4ef67,CONSOLIDATED,wmt_fy26_10k_xbrl_20260313_consolidated_bridge,wmt_actual_fy26_10k_20260313
raw_wmt_fy26_10k_xbrl_20260313_4e588bd5096f5ebb,wmt_fy26_10k_xbrl_20260313,walmart_consolidated_group,walmart_inc_us_de,,,total_equity,2026-01-31,2026-01-31,INSTANT,USD,USD,105887000000,StockholdersEquityIncludingPortionAttributableToNoncontrollingInterest,F,SEC_XBRL_NON_DIMENSIONAL_DECIMALS_MINUS6_V1,map_wmt_fy26_10k_xbrl_20260313_e10949597e52,SOURCE_EXTRACTED,snap_19e71824e3f7a4178a7e30e19a55adb44a2f24dc87217e7c1221d25044538fa7,us-gaap:StockholdersEquityIncludingPortionAttributableToNoncontrollingInterest,2026-03-13T20:06:24.000000Z,2026-09-29T12:15:50.365779Z,07c72faa90cf8515eb1ff1ca264361ca8741c2663202d2f5a25ff9c694f4ef67,CONSOLIDATED,wmt_fy26_10k_xbrl_20260313_consolidated_bridge,wmt_actual_fy26_10k_20260313
raw_wmt_fy27q1_8k_ex991_20260521_4cd6d445ec519f08,wmt_fy27q1_8k_ex991_20260521,walmart_consolidated_group,walmart_inc_us_de,,,net_sales_quarter,2026-02-01,2026-04-30,QUARTER,USD,USD,175684000000,Net sales,F,SEC_8K_HTML_EX991_TABLE_USDM_TO_USD_X1000000_V1,map_wmt_fy27q1_8k_ex991_20260521_8c75f9f13064,SOURCE_EXTRACTED,snap_8deaf1b77266879e5dc5102897ed157f2dac71f13c381079e331cd7d1a912143,html:income:Net sales,2026-05-21T11:00:00.000000Z,2026-09-29T12:15:50.406731Z,0107dd5fe2d6677d96f95b409c9a59d420da337eba515e4204fc34ea0e66b93d,CONSOLIDATED,wmt_fy27q1_8k_ex991_20260521_consolidated_bridge,wmt_actual_fy27q1_8k_20260521
raw_wmt_fy27q1_8k_ex991_20260521_b694887f90af0bae,wmt_fy27q1_8k_ex991_20260521,walmart_consolidated_group,walmart_inc_us_de,,,net_sales_quarter,2025-02-01,2025-04-30,QUARTER,USD,USD,163981000000,Net sales,F,SEC_8K_HTML_EX991_TABLE_USDM_TO_USD_X1000000_V1,map_wmt_fy27q1_8k_ex991_20260521_8c75f9f13064,SOURCE_EXTRACTED,snap_8deaf1b77266879e5dc5102897ed157f2dac71f13c381079e331cd7d1a912143,html:income:Net sales,2026-05-21T11:00:00.000000Z,2026-09-29T12:15:50.406731Z,0107dd5fe2d6677d96f95b409c9a59d420da337eba515e4204fc34ea0e66b93d,CONSOLIDATED,wmt_fy27q1_8k_ex991_20260521_consolidated_bridge,wmt_actual_fy27q1_8k_20260521
raw_wmt_fy27q1_8k_ex991_20260521_daa736255b6a4b5a,wmt_fy27q1_8k_ex991_20260521,walmart_consolidated_group,walmart_inc_us_de,,,membership_and_other_income_quarter,2026-02-01,2026-04-30,QUARTER,USD,USD,2067000000,Membership and other income,F,SEC_8K_HTML_EX991_TABLE_USDM_TO_USD_X1000000_V1,map_wmt_fy27q1_8k_ex991_20260521_43a5359f52af,SOURCE_EXTRACTED,snap_8deaf1b77266879e5dc5102897ed157f2dac71f13c381079e331cd7d1a912143,html:income:Membership and other income,2026-05-21T11:00:00.000000Z,2026-09-29T12:15:50.406731Z,0107dd5fe2d6677d96f95b409c9a59d420da337eba515e4204fc34ea0e66b93d,CONSOLIDATED,wmt_fy27q1_8k_ex991_20260521_consolidated_bridge,wmt_actual_fy27q1_8k_20260521
raw_wmt_fy27q1_8k_ex991_20260521_4c4799c990a42f47,wmt_fy27q1_8k_ex991_20260521,walmart_consolidated_group,walmart_inc_us_de,,,membership_and_other_income_quarter,2025-02-01,2025-04-30,QUARTER,USD,USD,1628000000,Membership and other income,F,SEC_8K_HTML_EX991_TABLE_USDM_TO_USD_X1000000_V1,map_wmt_fy27q1_8k_ex991_20260521_43a5359f52af,SOURCE_EXTRACTED,snap_8deaf1b77266879e5dc5102897ed157f2dac71f13c381079e331cd7d1a912143,html:income:Membership and other income,2026-05-21T11:00:00.000000Z,2026-09-29T12:15:50.406731Z,0107dd5fe2d6677d96f95b409c9a59d420da337eba515e4204fc34ea0e66b93d,CONSOLIDATED,wmt_fy27q1_8k_ex991_20260521_consolidated_bridge,wmt_actual_fy27q1_8k_20260521
raw_wmt_fy27q1_8k_ex991_20260521_865db68876d50fc1,wmt_fy27q1_8k_ex991_20260521,walmart_consolidated_group,walmart_inc_us_de,,,total_revenue_quarter,2026-02-01,2026-04-30,QUARTER,USD,USD,177751000000,Total revenues,F,SEC_8K_HTML_EX991_TABLE_USDM_TO_USD_X1000000_V1,map_wmt_fy27q1_8k_ex991_20260521_3f3183479de5,SOURCE_EXTRACTED,snap_8deaf1b77266879e5dc5102897ed157f2dac71f13c381079e331cd7d1a912143,html:income:Total revenues,2026-05-21T11:00:00.000000Z,2026-09-29T12:15:50.406731Z,0107dd5fe2d6677d96f95b409c9a59d420da337eba515e4204fc34ea0e66b93d,CONSOLIDATED,wmt_fy27q1_8k_ex991_20260521_consolidated_bridge,wmt_actual_fy27q1_8k_20260521
raw_wmt_fy27q1_8k_ex991_20260521_5cb198c49bc72462,wmt_fy27q1_8k_ex991_20260521,walmart_consolidated_group,walmart_inc_us_de,,,total_revenue_quarter,2025-02-01,2025-04-30,QUARTER,USD,USD,165609000000,Total revenues,F,SEC_8K_HTML_EX991_TABLE_USDM_TO_USD_X1000000_V1,map_wmt_fy27q1_8k_ex991_20260521_3f3183479de5,SOURCE_EXTRACTED,snap_8deaf1b77266879e5dc5102897ed157f2dac71f13c381079e331cd7d1a912143,html:income:Total revenues,2026-05-21T11:00:00.000000Z,2026-09-29T12:15:50.406731Z,0107dd5fe2d6677d96f95b409c9a59d420da337eba515e4204fc34ea0e66b93d,CONSOLIDATED,wmt_fy27q1_8k_ex991_20260521_consolidated_bridge,wmt_actual_fy27q1_8k_20260521
raw_wmt_fy27q1_8k_ex991_20260521_f3e776fae08ed94a,wmt_fy27q1_8k_ex991_20260521,walmart_consolidated_group,walmart_inc_us_de,,,cost_of_sales_quarter,2026-02-01,2026-04-30,QUARTER,USD,USD,133058000000,Cost of sales,F,SEC_8K_HTML_EX991_TABLE_USDM_TO_USD_X1000000_V1,map_wmt_fy27q1_8k_ex991_20260521_ec8ade798621,SOURCE_EXTRACTED,snap_8deaf1b77266879e5dc5102897ed157f2dac71f13c381079e331cd7d1a912143,html:income:Cost of sales,2026-05-21T11:00:00.000000Z,2026-09-29T12:15:50.406731Z,0107dd5fe2d6677d96f95b409c9a59d420da337eba515e4204fc34ea0e66b93d,CONSOLIDATED,wmt_fy27q1_8k_ex991_20260521_consolidated_bridge,wmt_actual_fy27q1_8k_20260521
raw_wmt_fy27q1_8k_ex991_20260521_4b031ffdb0c917d9,wmt_fy27q1_8k_ex991_20260521,walmart_consolidated_group,walmart_inc_us_de,,,cost_of_sales_quarter,2025-02-01,2025-04-30,QUARTER,USD,USD,124303000000,Cost of sales,F,SEC_8K_HTML_EX991_TABLE_USDM_TO_USD_X1000000_V1,map_wmt_fy27q1_8k_ex991_20260521_ec8ade798621,SOURCE_EXTRACTED,snap_8deaf1b77266879e5dc5102897ed157f2dac71f13c381079e331cd7d1a912143,html:income:Cost of sales,2026-05-21T11:00:00.000000Z,2026-09-29T12:15:50.406731Z,0107dd5fe2d6677d96f95b409c9a59d420da337eba515e4204fc34ea0e66b93d,CONSOLIDATED,wmt_fy27q1_8k_ex991_20260521_consolidated_bridge,wmt_actual_fy27q1_8k_20260521
raw_wmt_fy27q1_8k_ex991_20260521_eb8cbdda70eb8a88,wmt_fy27q1_8k_ex991_20260521,walmart_consolidated_group,walmart_inc_us_de,,,operating_sga_quarter,2026-02-01,2026-04-30,QUARTER,USD,USD,37200000000,"Operating, selling, general and administrative expenses",F,SEC_8K_HTML_EX991_TABLE_USDM_TO_USD_X1000000_V1,map_wmt_fy27q1_8k_ex991_20260521_709dadee8acd,SOURCE_EXTRACTED,snap_8deaf1b77266879e5dc5102897ed157f2dac71f13c381079e331cd7d1a912143,"html:income:Operating, selling, general and administrative expenses",2026-05-21T11:00:00.000000Z,2026-09-29T12:15:50.406731Z,0107dd5fe2d6677d96f95b409c9a59d420da337eba515e4204fc34ea0e66b93d,CONSOLIDATED,wmt_fy27q1_8k_ex991_20260521_consolidated_bridge,wmt_actual_fy27q1_8k_20260521
raw_wmt_fy27q1_8k_ex991_20260521_c31bbdaae857598b,wmt_fy27q1_8k_ex991_20260521,walmart_consolidated_group,walmart_inc_us_de,,,operating_sga_quarter,2025-02-01,2025-04-30,QUARTER,USD,USD,34171000000,"Operating, selling, general and administrative expenses",F,SEC_8K_HTML_EX991_TABLE_USDM_TO_USD_X1000000_V1,map_wmt_fy27q1_8k_ex991_20260521_709dadee8acd,SOURCE_EXTRACTED,snap_8deaf1b77266879e5dc5102897ed157f2dac71f13c381079e331cd7d1a912143,"html:income:Operating, selling, general and administrative expenses",2026-05-21T11:00:00.000000Z,2026-09-29T12:15:50.406731Z,0107dd5fe2d6677d96f95b409c9a59d420da337eba515e4204fc34ea0e66b93d,CONSOLIDATED,wmt_fy27q1_8k_ex991_20260521_consolidated_bridge,wmt_actual_fy27q1_8k_20260521
raw_wmt_fy27q1_8k_ex991_20260521_393771220ca3d9a1,wmt_fy27q1_8k_ex991_20260521,walmart_consolidated_group,walmart_inc_us_de,,,operating_income_quarter,2026-02-01,2026-04-30,QUARTER,USD,USD,7493000000,Operating income,F,SEC_8K_HTML_EX991_TABLE_USDM_TO_USD_X1000000_V1,map_wmt_fy27q1_8k_ex991_20260521_c251c328623b,SOURCE_EXTRACTED,snap_8deaf1b77266879e5dc5102897ed157f2dac71f13c381079e331cd7d1a912143,html:income:Operating income,2026-05-21T11:00:00.000000Z,2026-09-29T12:15:50.406731Z,0107dd5fe2d6677d96f95b409c9a59d420da337eba515e4204fc34ea0e66b93d,CONSOLIDATED,wmt_fy27q1_8k_ex991_20260521_consolidated_bridge,wmt_actual_fy27q1_8k_20260521
raw_wmt_fy27q1_8k_ex991_20260521_d422098aec9229b6,wmt_fy27q1_8k_ex991_20260521,walmart_consolidated_group,walmart_inc_us_de,,,operating_income_quarter,2025-02-01,2025-04-30,QUARTER,USD,USD,7135000000,Operating income,F,SEC_8K_HTML_EX991_TABLE_USDM_TO_USD_X1000000_V1,map_wmt_fy27q1_8k_ex991_20260521_c251c328623b,SOURCE_EXTRACTED,snap_8deaf1b77266879e5dc5102897ed157f2dac71f13c381079e331cd7d1a912143,html:income:Operating income,2026-05-21T11:00:00.000000Z,2026-09-29T12:15:50.406731Z,0107dd5fe2d6677d96f95b409c9a59d420da337eba515e4204fc34ea0e66b93d,CONSOLIDATED,wmt_fy27q1_8k_ex991_20260521_consolidated_bridge,wmt_actual_fy27q1_8k_20260521
raw_wmt_fy27q1_8k_ex991_20260521_459db2753d78cc67,wmt_fy27q1_8k_ex991_20260521,walmart_consolidated_group,walmart_inc_us_de,,,income_before_tax_quarter,2026-02-01,2026-04-30,QUARTER,USD,USD,7148000000,Income before income taxes,F,SEC_8K_HTML_EX991_TABLE_USDM_TO_USD_X1000000_V1,map_wmt_fy27q1_8k_ex991_20260521_4dd293383b87,SOURCE_EXTRACTED,snap_8deaf1b77266879e5dc5102897ed157f2dac71f13c381079e331cd7d1a912143,html:income:Income before income taxes,2026-05-21T11:00:00.000000Z,2026-09-29T12:15:50.406731Z,0107dd5fe2d6677d96f95b409c9a59d420da337eba515e4204fc34ea0e66b93d,CONSOLIDATED,wmt_fy27q1_8k_ex991_20260521_consolidated_bridge,wmt_actual_fy27q1_8k_20260521
raw_wmt_fy27q1_8k_ex991_20260521_92baebbf88a7f60d,wmt_fy27q1_8k_ex991_20260521,walmart_consolidated_group,walmart_inc_us_de,,,income_before_tax_quarter,2025-02-01,2025-04-30,QUARTER,USD,USD,5994000000,Income before income taxes,F,SEC_8K_HTML_EX991_TABLE_USDM_TO_USD_X1000000_V1,map_wmt_fy27q1_8k_ex991_20260521_4dd293383b87,SOURCE_EXTRACTED,snap_8deaf1b77266879e5dc5102897ed157f2dac71f13c381079e331cd7d1a912143,html:income:Income before income taxes,2026-05-21T11:00:00.000000Z,2026-09-29T12:15:50.406731Z,0107dd5fe2d6677d96f95b409c9a59d420da337eba515e4204fc34ea0e66b93d,CONSOLIDATED,wmt_fy27q1_8k_ex991_20260521_consolidated_bridge,wmt_actual_fy27q1_8k_20260521
raw_wmt_fy27q1_8k_ex991_20260521_4efa03dc435900cd,wmt_fy27q1_8k_ex991_20260521,walmart_consolidated_group,walmart_inc_us_de,,,income_tax_expense_quarter,2026-02-01,2026-04-30,QUARTER,USD,USD,1658000000,Provision for income taxes,F,SEC_8K_HTML_EX991_TABLE_USDM_TO_USD_X1000000_V1,map_wmt_fy27q1_8k_ex991_20260521_920b85b11f5a,SOURCE_EXTRACTED,snap_8deaf1b77266879e5dc5102897ed157f2dac71f13c381079e331cd7d1a912143,html:income:Provision for income taxes,2026-05-21T11:00:00.000000Z,2026-09-29T12:15:50.406731Z,0107dd5fe2d6677d96f95b409c9a59d420da337eba515e4204fc34ea0e66b93d,CONSOLIDATED,wmt_fy27q1_8k_ex991_20260521_consolidated_bridge,wmt_actual_fy27q1_8k_20260521
raw_wmt_fy27q1_8k_ex991_20260521_1689272ff82affda,wmt_fy27q1_8k_ex991_20260521,walmart_consolidated_group,walmart_inc_us_de,,,income_tax_expense_quarter,2025-02-01,2025-04-30,QUARTER,USD,USD,1355000000,Provision for income taxes,F,SEC_8K_HTML_EX991_TABLE_USDM_TO_USD_X1000000_V1,map_wmt_fy27q1_8k_ex991_20260521_920b85b11f5a,SOURCE_EXTRACTED,snap_8deaf1b77266879e5dc5102897ed157f2dac71f13c381079e331cd7d1a912143,html:income:Provision for income taxes,2026-05-21T11:00:00.000000Z,2026-09-29T12:15:50.406731Z,0107dd5fe2d6677d96f95b409c9a59d420da337eba515e4204fc34ea0e66b93d,CONSOLIDATED,wmt_fy27q1_8k_ex991_20260521_consolidated_bridge,wmt_actual_fy27q1_8k_20260521
raw_wmt_fy27q1_8k_ex991_20260521_7a2f275e708e7d87,wmt_fy27q1_8k_ex991_20260521,walmart_consolidated_group,walmart_inc_us_de,,,consolidated_net_income_quarter,2026-02-01,2026-04-30,QUARTER,USD,USD,5490000000,Consolidated net income,F,SEC_8K_HTML_EX991_TABLE_USDM_TO_USD_X1000000_V1,map_wmt_fy27q1_8k_ex991_20260521_d53b003f86d8,SOURCE_EXTRACTED,snap_8deaf1b77266879e5dc5102897ed157f2dac71f13c381079e331cd7d1a912143,html:income:Consolidated net income,2026-05-21T11:00:00.000000Z,2026-09-29T12:15:50.406731Z,0107dd5fe2d6677d96f95b409c9a59d420da337eba515e4204fc34ea0e66b93d,CONSOLIDATED,wmt_fy27q1_8k_ex991_20260521_consolidated_bridge,wmt_actual_fy27q1_8k_20260521
raw_wmt_fy27q1_8k_ex991_20260521_0618ea5755ebf2f0,wmt_fy27q1_8k_ex991_20260521,walmart_consolidated_group,walmart_inc_us_de,,,consolidated_net_income_quarter,2025-02-01,2025-04-30,QUARTER,USD,USD,4639000000,Consolidated net income,F,SEC_8K_HTML_EX991_TABLE_USDM_TO_USD_X1000000_V1,map_wmt_fy27q1_8k_ex991_20260521_d53b003f86d8,SOURCE_EXTRACTED,snap_8deaf1b77266879e5dc5102897ed157f2dac71f13c381079e331cd7d1a912143,html:income:Consolidated net income,2026-05-21T11:00:00.000000Z,2026-09-29T12:15:50.406731Z,0107dd5fe2d6677d96f95b409c9a59d420da337eba515e4204fc34ea0e66b93d,CONSOLIDATED,wmt_fy27q1_8k_ex991_20260521_consolidated_bridge,wmt_actual_fy27q1_8k_20260521
raw_wmt_fy27q1_8k_ex991_20260521_d987a6a479cac2fb,wmt_fy27q1_8k_ex991_20260521,walmart_consolidated_group,walmart_inc_us_de,,,parent_net_income_quarter,2026-02-01,2026-04-30,QUARTER,USD,USD,5330000000,Consolidated net income attributable to Walmart,F,SEC_8K_HTML_EX991_TABLE_USDM_TO_USD_X1000000_V1,map_wmt_fy27q1_8k_ex991_20260521_3559c3c71753,SOURCE_EXTRACTED,snap_8deaf1b77266879e5dc5102897ed157f2dac71f13c381079e331cd7d1a912143,html:income:Consolidated net income attributable to Walmart,2026-05-21T11:00:00.000000Z,2026-09-29T12:15:50.406731Z,0107dd5fe2d6677d96f95b409c9a59d420da337eba515e4204fc34ea0e66b93d,CONSOLIDATED,wmt_fy27q1_8k_ex991_20260521_consolidated_bridge,wmt_actual_fy27q1_8k_20260521
raw_wmt_fy27q1_8k_ex991_20260521_c12f69ec0b1df80f,wmt_fy27q1_8k_ex991_20260521,walmart_consolidated_group,walmart_inc_us_de,,,parent_net_income_quarter,2025-02-01,2025-04-30,QUARTER,USD,USD,4487000000,Consolidated net income attributable to Walmart,F,SEC_8K_HTML_EX991_TABLE_USDM_TO_USD_X1000000_V1,map_wmt_fy27q1_8k_ex991_20260521_3559c3c71753,SOURCE_EXTRACTED,snap_8deaf1b77266879e5dc5102897ed157f2dac71f13c381079e331cd7d1a912143,html:income:Consolidated net income attributable to Walmart,2026-05-21T11:00:00.000000Z,2026-09-29T12:15:50.406731Z,0107dd5fe2d6677d96f95b409c9a59d420da337eba515e4204fc34ea0e66b93d,CONSOLIDATED,wmt_fy27q1_8k_ex991_20260521_consolidated_bridge,wmt_actual_fy27q1_8k_20260521
raw_wmt_fy27q1_8k_ex991_20260521_7cb73ad7e0b772bc,wmt_fy27q1_8k_ex991_20260521,walmart_consolidated_group,walmart_inc_us_de,,,cash_and_equivalents,2026-04-30,2026-04-30,INSTANT,USD,USD,10729000000,Cash and cash equivalents,F,SEC_8K_HTML_EX991_TABLE_USDM_TO_USD_X1000000_V1,map_wmt_fy27q1_8k_ex991_20260521_a1b6e04c8334,SOURCE_EXTRACTED,snap_8deaf1b77266879e5dc5102897ed157f2dac71f13c381079e331cd7d1a912143,html:balance:Cash and cash equivalents,2026-05-21T11:00:00.000000Z,2026-09-29T12:15:50.406731Z,0107dd5fe2d6677d96f95b409c9a59d420da337eba515e4204fc34ea0e66b93d,CONSOLIDATED,wmt_fy27q1_8k_ex991_20260521_consolidated_bridge,wmt_actual_fy27q1_8k_20260521
raw_wmt_fy27q1_8k_ex991_20260521_e70ed28184acb31d,wmt_fy27q1_8k_ex991_20260521,walmart_consolidated_group,walmart_inc_us_de,,,cash_and_equivalents,2026-01-31,2026-01-31,INSTANT,USD,USD,10727000000,Cash and cash equivalents,F,SEC_8K_HTML_EX991_TABLE_USDM_TO_USD_X1000000_V1,map_wmt_fy27q1_8k_ex991_20260521_a1b6e04c8334,SOURCE_EXTRACTED,snap_8deaf1b77266879e5dc5102897ed157f2dac71f13c381079e331cd7d1a912143,html:balance:Cash and cash equivalents,2026-05-21T11:00:00.000000Z,2026-09-29T12:15:50.406731Z,0107dd5fe2d6677d96f95b409c9a59d420da337eba515e4204fc34ea0e66b93d,CONSOLIDATED,wmt_fy27q1_8k_ex991_20260521_consolidated_bridge,wmt_actual_fy27q1_8k_20260521
raw_wmt_fy27q1_8k_ex991_20260521_416208aee4d4bf78,wmt_fy27q1_8k_ex991_20260521,walmart_consolidated_group,walmart_inc_us_de,,,cash_and_equivalents,2025-04-30,2025-04-30,INSTANT,USD,USD,9311000000,Cash and cash equivalents,F,SEC_8K_HTML_EX991_TABLE_USDM_TO_USD_X1000000_V1,map_wmt_fy27q1_8k_ex991_20260521_a1b6e04c8334,SOURCE_EXTRACTED,snap_8deaf1b77266879e5dc5102897ed157f2dac71f13c381079e331cd7d1a912143,html:balance:Cash and cash equivalents,2026-05-21T11:00:00.000000Z,2026-09-29T12:15:50.406731Z,0107dd5fe2d6677d96f95b409c9a59d420da337eba515e4204fc34ea0e66b93d,CONSOLIDATED,wmt_fy27q1_8k_ex991_20260521_consolidated_bridge,wmt_actual_fy27q1_8k_20260521
raw_wmt_fy27q1_8k_ex991_20260521_0422279e4844a019,wmt_fy27q1_8k_ex991_20260521,walmart_consolidated_group,walmart_inc_us_de,,,receivables,2026-04-30,2026-04-30,INSTANT,USD,USD,10662000000,"Receivables, net",F,SEC_8K_HTML_EX991_TABLE_USDM_TO_USD_X1000000_V1,map_wmt_fy27q1_8k_ex991_20260521_7ac0a1608350,SOURCE_EXTRACTED,snap_8deaf1b77266879e5dc5102897ed157f2dac71f13c381079e331cd7d1a912143,"html:balance:Receivables, net",2026-05-21T11:00:00.000000Z,2026-09-29T12:15:50.406731Z,0107dd5fe2d6677d96f95b409c9a59d420da337eba515e4204fc34ea0e66b93d,CONSOLIDATED,wmt_fy27q1_8k_ex991_20260521_consolidated_bridge,wmt_actual_fy27q1_8k_20260521
raw_wmt_fy27q1_8k_ex991_20260521_9cb0a96946cc003e,wmt_fy27q1_8k_ex991_20260521,walmart_consolidated_group,walmart_inc_us_de,,,receivables,2026-01-31,2026-01-31,INSTANT,USD,USD,11172000000,"Receivables, net",F,SEC_8K_HTML_EX991_TABLE_USDM_TO_USD_X1000000_V1,map_wmt_fy27q1_8k_ex991_20260521_7ac0a1608350,SOURCE_EXTRACTED,snap_8deaf1b77266879e5dc5102897ed157f2dac71f13c381079e331cd7d1a912143,"html:balance:Receivables, net",2026-05-21T11:00:00.000000Z,2026-09-29T12:15:50.406731Z,0107dd5fe2d6677d96f95b409c9a59d420da337eba515e4204fc34ea0e66b93d,CONSOLIDATED,wmt_fy27q1_8k_ex991_20260521_consolidated_bridge,wmt_actual_fy27q1_8k_20260521
raw_wmt_fy27q1_8k_ex991_20260521_2ad8442040fd0dc5,wmt_fy27q1_8k_ex991_20260521,walmart_consolidated_group,walmart_inc_us_de,,,receivables,2025-04-30,2025-04-30,INSTANT,USD,USD,9686000000,"Receivables, net",F,SEC_8K_HTML_EX991_TABLE_USDM_TO_USD_X1000000_V1,map_wmt_fy27q1_8k_ex991_20260521_7ac0a1608350,SOURCE_EXTRACTED,snap_8deaf1b77266879e5dc5102897ed157f2dac71f13c381079e331cd7d1a912143,"html:balance:Receivables, net",2026-05-21T11:00:00.000000Z,2026-09-29T12:15:50.406731Z,0107dd5fe2d6677d96f95b409c9a59d420da337eba515e4204fc34ea0e66b93d,CONSOLIDATED,wmt_fy27q1_8k_ex991_20260521_consolidated_bridge,wmt_actual_fy27q1_8k_20260521
raw_wmt_fy27q1_8k_ex991_20260521_90c2b33816402f4e,wmt_fy27q1_8k_ex991_20260521,walmart_consolidated_group,walmart_inc_us_de,,,inventory,2026-04-30,2026-04-30,INSTANT,USD,USD,62570000000,Inventories,F,SEC_8K_HTML_EX991_TABLE_USDM_TO_USD_X1000000_V1,map_wmt_fy27q1_8k_ex991_20260521_5ffd41a55aa1,SOURCE_EXTRACTED,snap_8deaf1b77266879e5dc5102897ed157f2dac71f13c381079e331cd7d1a912143,html:balance:Inventories,2026-05-21T11:00:00.000000Z,2026-09-29T12:15:50.406731Z,0107dd5fe2d6677d96f95b409c9a59d420da337eba515e4204fc34ea0e66b93d,CONSOLIDATED,wmt_fy27q1_8k_ex991_20260521_consolidated_bridge,wmt_actual_fy27q1_8k_20260521
raw_wmt_fy27q1_8k_ex991_20260521_1373abae25a0e95f,wmt_fy27q1_8k_ex991_20260521,walmart_consolidated_group,walmart_inc_us_de,,,inventory,2026-01-31,2026-01-31,INSTANT,USD,USD,58851000000,Inventories,F,SEC_8K_HTML_EX991_TABLE_USDM_TO_USD_X1000000_V1,map_wmt_fy27q1_8k_ex991_20260521_5ffd41a55aa1,SOURCE_EXTRACTED,snap_8deaf1b77266879e5dc5102897ed157f2dac71f13c381079e331cd7d1a912143,html:balance:Inventories,2026-05-21T11:00:00.000000Z,2026-09-29T12:15:50.406731Z,0107dd5fe2d6677d96f95b409c9a59d420da337eba515e4204fc34ea0e66b93d,CONSOLIDATED,wmt_fy27q1_8k_ex991_20260521_consolidated_bridge,wmt_actual_fy27q1_8k_20260521
raw_wmt_fy27q1_8k_ex991_20260521_df16af63cd739b8e,wmt_fy27q1_8k_ex991_20260521,walmart_consolidated_group,walmart_inc_us_de,,,inventory,2025-04-30,2025-04-30,INSTANT,USD,USD,57467000000,Inventories,F,SEC_8K_HTML_EX991_TABLE_USDM_TO_USD_X1000000_V1,map_wmt_fy27q1_8k_ex991_20260521_5ffd41a55aa1,SOURCE_EXTRACTED,snap_8deaf1b77266879e5dc5102897ed157f2dac71f13c381079e331cd7d1a912143,html:balance:Inventories,2026-05-21T11:00:00.000000Z,2026-09-29T12:15:50.406731Z,0107dd5fe2d6677d96f95b409c9a59d420da337eba515e4204fc34ea0e66b93d,CONSOLIDATED,wmt_fy27q1_8k_ex991_20260521_consolidated_bridge,wmt_actual_fy27q1_8k_20260521
raw_wmt_fy27q1_8k_ex991_20260521_3f6099f3f6d3f582,wmt_fy27q1_8k_ex991_20260521,walmart_consolidated_group,walmart_inc_us_de,,,current_assets,2026-04-30,2026-04-30,INSTANT,USD,USD,88394000000,Total current assets,F,SEC_8K_HTML_EX991_TABLE_USDM_TO_USD_X1000000_V1,map_wmt_fy27q1_8k_ex991_20260521_8aab9316f823,SOURCE_EXTRACTED,snap_8deaf1b77266879e5dc5102897ed157f2dac71f13c381079e331cd7d1a912143,html:balance:Total current assets,2026-05-21T11:00:00.000000Z,2026-09-29T12:15:50.406731Z,0107dd5fe2d6677d96f95b409c9a59d420da337eba515e4204fc34ea0e66b93d,CONSOLIDATED,wmt_fy27q1_8k_ex991_20260521_consolidated_bridge,wmt_actual_fy27q1_8k_20260521
raw_wmt_fy27q1_8k_ex991_20260521_00bd5459ef332371,wmt_fy27q1_8k_ex991_20260521,walmart_consolidated_group,walmart_inc_us_de,,,current_assets,2026-01-31,2026-01-31,INSTANT,USD,USD,84874000000,Total current assets,F,SEC_8K_HTML_EX991_TABLE_USDM_TO_USD_X1000000_V1,map_wmt_fy27q1_8k_ex991_20260521_8aab9316f823,SOURCE_EXTRACTED,snap_8deaf1b77266879e5dc5102897ed157f2dac71f13c381079e331cd7d1a912143,html:balance:Total current assets,2026-05-21T11:00:00.000000Z,2026-09-29T12:15:50.406731Z,0107dd5fe2d6677d96f95b409c9a59d420da337eba515e4204fc34ea0e66b93d,CONSOLIDATED,wmt_fy27q1_8k_ex991_20260521_consolidated_bridge,wmt_actual_fy27q1_8k_20260521
raw_wmt_fy27q1_8k_ex991_20260521_f5be38ceea1c49a2,wmt_fy27q1_8k_ex991_20260521,walmart_consolidated_group,walmart_inc_us_de,,,current_assets,2025-04-30,2025-04-30,INSTANT,USD,USD,80253000000,Total current assets,F,SEC_8K_HTML_EX991_TABLE_USDM_TO_USD_X1000000_V1,map_wmt_fy27q1_8k_ex991_20260521_8aab9316f823,SOURCE_EXTRACTED,snap_8deaf1b77266879e5dc5102897ed157f2dac71f13c381079e331cd7d1a912143,html:balance:Total current assets,2026-05-21T11:00:00.000000Z,2026-09-29T12:15:50.406731Z,0107dd5fe2d6677d96f95b409c9a59d420da337eba515e4204fc34ea0e66b93d,CONSOLIDATED,wmt_fy27q1_8k_ex991_20260521_consolidated_bridge,wmt_actual_fy27q1_8k_20260521
raw_wmt_fy27q1_8k_ex991_20260521_b080829078b47065,wmt_fy27q1_8k_ex991_20260521,walmart_consolidated_group,walmart_inc_us_de,,,ppe_net,2026-04-30,2026-04-30,INSTANT,USD,USD,137789000000,"Property and equipment, net",F,SEC_8K_HTML_EX991_TABLE_USDM_TO_USD_X1000000_V1,map_wmt_fy27q1_8k_ex991_20260521_32feabeacc19,SOURCE_EXTRACTED,snap_8deaf1b77266879e5dc5102897ed157f2dac71f13c381079e331cd7d1a912143,"html:balance:Property and equipment, net",2026-05-21T11:00:00.000000Z,2026-09-29T12:15:50.406731Z,0107dd5fe2d6677d96f95b409c9a59d420da337eba515e4204fc34ea0e66b93d,CONSOLIDATED,wmt_fy27q1_8k_ex991_20260521_consolidated_bridge,wmt_actual_fy27q1_8k_20260521
raw_wmt_fy27q1_8k_ex991_20260521_0e33fabcdf994d2c,wmt_fy27q1_8k_ex991_20260521,walmart_consolidated_group,walmart_inc_us_de,,,ppe_net,2026-01-31,2026-01-31,INSTANT,USD,USD,136083000000,"Property and equipment, net",F,SEC_8K_HTML_EX991_TABLE_USDM_TO_USD_X1000000_V1,map_wmt_fy27q1_8k_ex991_20260521_32feabeacc19,SOURCE_EXTRACTED,snap_8deaf1b77266879e5dc5102897ed157f2dac71f13c381079e331cd7d1a912143,"html:balance:Property and equipment, net",2026-05-21T11:00:00.000000Z,2026-09-29T12:15:50.406731Z,0107dd5fe2d6677d96f95b409c9a59d420da337eba515e4204fc34ea0e66b93d,CONSOLIDATED,wmt_fy27q1_8k_ex991_20260521_consolidated_bridge,wmt_actual_fy27q1_8k_20260521
raw_wmt_fy27q1_8k_ex991_20260521_85968dfeb299092b,wmt_fy27q1_8k_ex991_20260521,walmart_consolidated_group,walmart_inc_us_de,,,ppe_net,2025-04-30,2025-04-30,INSTANT,USD,USD,121261000000,"Property and equipment, net",F,SEC_8K_HTML_EX991_TABLE_USDM_TO_USD_X1000000_V1,map_wmt_fy27q1_8k_ex991_20260521_32feabeacc19,SOURCE_EXTRACTED,snap_8deaf1b77266879e5dc5102897ed157f2dac71f13c381079e331cd7d1a912143,"html:balance:Property and equipment, net",2026-05-21T11:00:00.000000Z,2026-09-29T12:15:50.406731Z,0107dd5fe2d6677d96f95b409c9a59d420da337eba515e4204fc34ea0e66b93d,CONSOLIDATED,wmt_fy27q1_8k_ex991_20260521_consolidated_bridge,wmt_actual_fy27q1_8k_20260521
raw_wmt_fy27q1_8k_ex991_20260521_905144fc034af113,wmt_fy27q1_8k_ex991_20260521,walmart_consolidated_group,walmart_inc_us_de,,,total_assets,2026-04-30,2026-04-30,INSTANT,USD,USD,289607000000,Total assets,F,SEC_8K_HTML_EX991_TABLE_USDM_TO_USD_X1000000_V1,map_wmt_fy27q1_8k_ex991_20260521_ca1bd388e1e4,SOURCE_EXTRACTED,snap_8deaf1b77266879e5dc5102897ed157f2dac71f13c381079e331cd7d1a912143,html:balance:Total assets,2026-05-21T11:00:00.000000Z,2026-09-29T12:15:50.406731Z,0107dd5fe2d6677d96f95b409c9a59d420da337eba515e4204fc34ea0e66b93d,CONSOLIDATED,wmt_fy27q1_8k_ex991_20260521_consolidated_bridge,wmt_actual_fy27q1_8k_20260521
raw_wmt_fy27q1_8k_ex991_20260521_068889c4cd8b1830,wmt_fy27q1_8k_ex991_20260521,walmart_consolidated_group,walmart_inc_us_de,,,total_assets,2026-01-31,2026-01-31,INSTANT,USD,USD,284668000000,Total assets,F,SEC_8K_HTML_EX991_TABLE_USDM_TO_USD_X1000000_V1,map_wmt_fy27q1_8k_ex991_20260521_ca1bd388e1e4,SOURCE_EXTRACTED,snap_8deaf1b77266879e5dc5102897ed157f2dac71f13c381079e331cd7d1a912143,html:balance:Total assets,2026-05-21T11:00:00.000000Z,2026-09-29T12:15:50.406731Z,0107dd5fe2d6677d96f95b409c9a59d420da337eba515e4204fc34ea0e66b93d,CONSOLIDATED,wmt_fy27q1_8k_ex991_20260521_consolidated_bridge,wmt_actual_fy27q1_8k_20260521
raw_wmt_fy27q1_8k_ex991_20260521_c3b271d13065b6b7,wmt_fy27q1_8k_ex991_20260521,walmart_consolidated_group,walmart_inc_us_de,,,total_assets,2025-04-30,2025-04-30,INSTANT,USD,USD,262372000000,Total assets,F,SEC_8K_HTML_EX991_TABLE_USDM_TO_USD_X1000000_V1,map_wmt_fy27q1_8k_ex991_20260521_ca1bd388e1e4,SOURCE_EXTRACTED,snap_8deaf1b77266879e5dc5102897ed157f2dac71f13c381079e331cd7d1a912143,html:balance:Total assets,2026-05-21T11:00:00.000000Z,2026-09-29T12:15:50.406731Z,0107dd5fe2d6677d96f95b409c9a59d420da337eba515e4204fc34ea0e66b93d,CONSOLIDATED,wmt_fy27q1_8k_ex991_20260521_consolidated_bridge,wmt_actual_fy27q1_8k_20260521
raw_wmt_fy27q1_8k_ex991_20260521_fa65650839e466c7,wmt_fy27q1_8k_ex991_20260521,walmart_consolidated_group,walmart_inc_us_de,,,short_term_borrowings,2026-04-30,2026-04-30,INSTANT,USD,USD,10673000000,Short-term borrowings,F,SEC_8K_HTML_EX991_TABLE_USDM_TO_USD_X1000000_V1,map_wmt_fy27q1_8k_ex991_20260521_f18e6a242203,SOURCE_EXTRACTED,snap_8deaf1b77266879e5dc5102897ed157f2dac71f13c381079e331cd7d1a912143,html:balance:Short-term borrowings,2026-05-21T11:00:00.000000Z,2026-09-29T12:15:50.406731Z,0107dd5fe2d6677d96f95b409c9a59d420da337eba515e4204fc34ea0e66b93d,CONSOLIDATED,wmt_fy27q1_8k_ex991_20260521_consolidated_bridge,wmt_actual_fy27q1_8k_20260521
raw_wmt_fy27q1_8k_ex991_20260521_ee2676dbc9699b0b,wmt_fy27q1_8k_ex991_20260521,walmart_consolidated_group,walmart_inc_us_de,,,short_term_borrowings,2026-01-31,2026-01-31,INSTANT,USD,USD,6596000000,Short-term borrowings,F,SEC_8K_HTML_EX991_TABLE_USDM_TO_USD_X1000000_V1,map_wmt_fy27q1_8k_ex991_20260521_f18e6a242203,SOURCE_EXTRACTED,snap_8deaf1b77266879e5dc5102897ed157f2dac71f13c381079e331cd7d1a912143,html:balance:Short-term borrowings,2026-05-21T11:00:00.000000Z,2026-09-29T12:15:50.406731Z,0107dd5fe2d6677d96f95b409c9a59d420da337eba515e4204fc34ea0e66b93d,CONSOLIDATED,wmt_fy27q1_8k_ex991_20260521_consolidated_bridge,wmt_actual_fy27q1_8k_20260521
raw_wmt_fy27q1_8k_ex991_20260521_5fdd06d624d3115b,wmt_fy27q1_8k_ex991_20260521,walmart_consolidated_group,walmart_inc_us_de,,,short_term_borrowings,2025-04-30,2025-04-30,INSTANT,USD,USD,5595000000,Short-term borrowings,F,SEC_8K_HTML_EX991_TABLE_USDM_TO_USD_X1000000_V1,map_wmt_fy27q1_8k_ex991_20260521_f18e6a242203,SOURCE_EXTRACTED,snap_8deaf1b77266879e5dc5102897ed157f2dac71f13c381079e331cd7d1a912143,html:balance:Short-term borrowings,2026-05-21T11:00:00.000000Z,2026-09-29T12:15:50.406731Z,0107dd5fe2d6677d96f95b409c9a59d420da337eba515e4204fc34ea0e66b93d,CONSOLIDATED,wmt_fy27q1_8k_ex991_20260521_consolidated_bridge,wmt_actual_fy27q1_8k_20260521
raw_wmt_fy27q1_8k_ex991_20260521_4ab942db24cd0dce,wmt_fy27q1_8k_ex991_20260521,walmart_consolidated_group,walmart_inc_us_de,,,accounts_payable,2026-04-30,2026-04-30,INSTANT,USD,USD,62876000000,Accounts payable,F,SEC_8K_HTML_EX991_TABLE_USDM_TO_USD_X1000000_V1,map_wmt_fy27q1_8k_ex991_20260521_3100f2313c46,SOURCE_EXTRACTED,snap_8deaf1b77266879e5dc5102897ed157f2dac71f13c381079e331cd7d1a912143,html:balance:Accounts payable,2026-05-21T11:00:00.000000Z,2026-09-29T12:15:50.406731Z,0107dd5fe2d6677d96f95b409c9a59d420da337eba515e4204fc34ea0e66b93d,CONSOLIDATED,wmt_fy27q1_8k_ex991_20260521_consolidated_bridge,wmt_actual_fy27q1_8k_20260521
raw_wmt_fy27q1_8k_ex991_20260521_c29fb8fdac45cd93,wmt_fy27q1_8k_ex991_20260521,walmart_consolidated_group,walmart_inc_us_de,,,accounts_payable,2026-01-31,2026-01-31,INSTANT,USD,USD,63061000000,Accounts payable,F,SEC_8K_HTML_EX991_TABLE_USDM_TO_USD_X1000000_V1,map_wmt_fy27q1_8k_ex991_20260521_3100f2313c46,SOURCE_EXTRACTED,snap_8deaf1b77266879e5dc5102897ed157f2dac71f13c381079e331cd7d1a912143,html:balance:Accounts payable,2026-05-21T11:00:00.000000Z,2026-09-29T12:15:50.406731Z,0107dd5fe2d6677d96f95b409c9a59d420da337eba515e4204fc34ea0e66b93d,CONSOLIDATED,wmt_fy27q1_8k_ex991_20260521_consolidated_bridge,wmt_actual_fy27q1_8k_20260521
raw_wmt_fy27q1_8k_ex991_20260521_4df36d430f8f47e7,wmt_fy27q1_8k_ex991_20260521,walmart_consolidated_group,walmart_inc_us_de,,,accounts_payable,2025-04-30,2025-04-30,INSTANT,USD,USD,57700000000,Accounts payable,F,SEC_8K_HTML_EX991_TABLE_USDM_TO_USD_X1000000_V1,map_wmt_fy27q1_8k_ex991_20260521_3100f2313c46,SOURCE_EXTRACTED,snap_8deaf1b77266879e5dc5102897ed157f2dac71f13c381079e331cd7d1a912143,html:balance:Accounts payable,2026-05-21T11:00:00.000000Z,2026-09-29T12:15:50.406731Z,0107dd5fe2d6677d96f95b409c9a59d420da337eba515e4204fc34ea0e66b93d,CONSOLIDATED,wmt_fy27q1_8k_ex991_20260521_consolidated_bridge,wmt_actual_fy27q1_8k_20260521
raw_wmt_fy27q1_8k_ex991_20260521_7939853bd4619f7e,wmt_fy27q1_8k_ex991_20260521,walmart_consolidated_group,walmart_inc_us_de,,,accrued_liabilities,2026-04-30,2026-04-30,INSTANT,USD,USD,27530000000,Accrued liabilities,F,SEC_8K_HTML_EX991_TABLE_USDM_TO_USD_X1000000_V1,map_wmt_fy27q1_8k_ex991_20260521_eb4e5ac19211,SOURCE_EXTRACTED,snap_8deaf1b77266879e5dc5102897ed157f2dac71f13c381079e331cd7d1a912143,html:balance:Accrued liabilities,2026-05-21T11:00:00.000000Z,2026-09-29T12:15:50.406731Z,0107dd5fe2d6677d96f95b409c9a59d420da337eba515e4204fc34ea0e66b93d,CONSOLIDATED,wmt_fy27q1_8k_ex991_20260521_consolidated_bridge,wmt_actual_fy27q1_8k_20260521
raw_wmt_fy27q1_8k_ex991_20260521_63520b1462e3215e,wmt_fy27q1_8k_ex991_20260521,walmart_consolidated_group,walmart_inc_us_de,,,accrued_liabilities,2026-01-31,2026-01-31,INSTANT,USD,USD,31187000000,Accrued liabilities,F,SEC_8K_HTML_EX991_TABLE_USDM_TO_USD_X1000000_V1,map_wmt_fy27q1_8k_ex991_20260521_eb4e5ac19211,SOURCE_EXTRACTED,snap_8deaf1b77266879e5dc5102897ed157f2dac71f13c381079e331cd7d1a912143,html:balance:Accrued liabilities,2026-05-21T11:00:00.000000Z,2026-09-29T12:15:50.406731Z,0107dd5fe2d6677d96f95b409c9a59d420da337eba515e4204fc34ea0e66b93d,CONSOLIDATED,wmt_fy27q1_8k_ex991_20260521_consolidated_bridge,wmt_actual_fy27q1_8k_20260521
raw_wmt_fy27q1_8k_ex991_20260521_a024e259fcab07fc,wmt_fy27q1_8k_ex991_20260521,walmart_consolidated_group,walmart_inc_us_de,,,accrued_liabilities,2025-04-30,2025-04-30,INSTANT,USD,USD,26085000000,Accrued liabilities,F,SEC_8K_HTML_EX991_TABLE_USDM_TO_USD_X1000000_V1,map_wmt_fy27q1_8k_ex991_20260521_eb4e5ac19211,SOURCE_EXTRACTED,snap_8deaf1b77266879e5dc5102897ed157f2dac71f13c381079e331cd7d1a912143,html:balance:Accrued liabilities,2026-05-21T11:00:00.000000Z,2026-09-29T12:15:50.406731Z,0107dd5fe2d6677d96f95b409c9a59d420da337eba515e4204fc34ea0e66b93d,CONSOLIDATED,wmt_fy27q1_8k_ex991_20260521_consolidated_bridge,wmt_actual_fy27q1_8k_20260521
raw_wmt_fy27q1_8k_ex991_20260521_f2b917d1ebb577a8,wmt_fy27q1_8k_ex991_20260521,walmart_consolidated_group,walmart_inc_us_de,,,current_debt,2026-04-30,2026-04-30,INSTANT,USD,USD,3896000000,Long-term debt due within one year,F,SEC_8K_HTML_EX991_TABLE_USDM_TO_USD_X1000000_V1,map_wmt_fy27q1_8k_ex991_20260521_d10ff18cb9f7,SOURCE_EXTRACTED,snap_8deaf1b77266879e5dc5102897ed157f2dac71f13c381079e331cd7d1a912143,html:balance:Long-term debt due within one year,2026-05-21T11:00:00.000000Z,2026-09-29T12:15:50.406731Z,0107dd5fe2d6677d96f95b409c9a59d420da337eba515e4204fc34ea0e66b93d,CONSOLIDATED,wmt_fy27q1_8k_ex991_20260521_consolidated_bridge,wmt_actual_fy27q1_8k_20260521
raw_wmt_fy27q1_8k_ex991_20260521_6876825d3f9ce30e,wmt_fy27q1_8k_ex991_20260521,walmart_consolidated_group,walmart_inc_us_de,,,current_debt,2026-01-31,2026-01-31,INSTANT,USD,USD,3542000000,Long-term debt due within one year,F,SEC_8K_HTML_EX991_TABLE_USDM_TO_USD_X1000000_V1,map_wmt_fy27q1_8k_ex991_20260521_d10ff18cb9f7,SOURCE_EXTRACTED,snap_8deaf1b77266879e5dc5102897ed157f2dac71f13c381079e331cd7d1a912143,html:balance:Long-term debt due within one year,2026-05-21T11:00:00.000000Z,2026-09-29T12:15:50.406731Z,0107dd5fe2d6677d96f95b409c9a59d420da337eba515e4204fc34ea0e66b93d,CONSOLIDATED,wmt_fy27q1_8k_ex991_20260521_consolidated_bridge,wmt_actual_fy27q1_8k_20260521
raw_wmt_fy27q1_8k_ex991_20260521_64fafac918af3218,wmt_fy27q1_8k_ex991_20260521,walmart_consolidated_group,walmart_inc_us_de,,,current_debt,2025-04-30,2025-04-30,INSTANT,USD,USD,4085000000,Long-term debt due within one year,F,SEC_8K_HTML_EX991_TABLE_USDM_TO_USD_X1000000_V1,map_wmt_fy27q1_8k_ex991_20260521_d10ff18cb9f7,SOURCE_EXTRACTED,snap_8deaf1b77266879e5dc5102897ed157f2dac71f13c381079e331cd7d1a912143,html:balance:Long-term debt due within one year,2026-05-21T11:00:00.000000Z,2026-09-29T12:15:50.406731Z,0107dd5fe2d6677d96f95b409c9a59d420da337eba515e4204fc34ea0e66b93d,CONSOLIDATED,wmt_fy27q1_8k_ex991_20260521_consolidated_bridge,wmt_actual_fy27q1_8k_20260521
raw_wmt_fy27q1_8k_ex991_20260521_5239f020e4cc99f3,wmt_fy27q1_8k_ex991_20260521,walmart_consolidated_group,walmart_inc_us_de,,,current_liabilities,2026-04-30,2026-04-30,INSTANT,USD,USD,114583000000,Total current liabilities,F,SEC_8K_HTML_EX991_TABLE_USDM_TO_USD_X1000000_V1,map_wmt_fy27q1_8k_ex991_20260521_b876846bac04,SOURCE_EXTRACTED,snap_8deaf1b77266879e5dc5102897ed157f2dac71f13c381079e331cd7d1a912143,html:balance:Total current liabilities,2026-05-21T11:00:00.000000Z,2026-09-29T12:15:50.406731Z,0107dd5fe2d6677d96f95b409c9a59d420da337eba515e4204fc34ea0e66b93d,CONSOLIDATED,wmt_fy27q1_8k_ex991_20260521_consolidated_bridge,wmt_actual_fy27q1_8k_20260521
raw_wmt_fy27q1_8k_ex991_20260521_b63f7cc20da51d3e,wmt_fy27q1_8k_ex991_20260521,walmart_consolidated_group,walmart_inc_us_de,,,current_liabilities,2026-01-31,2026-01-31,INSTANT,USD,USD,107469000000,Total current liabilities,F,SEC_8K_HTML_EX991_TABLE_USDM_TO_USD_X1000000_V1,map_wmt_fy27q1_8k_ex991_20260521_b876846bac04,SOURCE_EXTRACTED,snap_8deaf1b77266879e5dc5102897ed157f2dac71f13c381079e331cd7d1a912143,html:balance:Total current liabilities,2026-05-21T11:00:00.000000Z,2026-09-29T12:15:50.406731Z,0107dd5fe2d6677d96f95b409c9a59d420da337eba515e4204fc34ea0e66b93d,CONSOLIDATED,wmt_fy27q1_8k_ex991_20260521_consolidated_bridge,wmt_actual_fy27q1_8k_20260521
raw_wmt_fy27q1_8k_ex991_20260521_a2850f0edeae2272,wmt_fy27q1_8k_ex991_20260521,walmart_consolidated_group,walmart_inc_us_de,,,current_liabilities,2025-04-30,2025-04-30,INSTANT,USD,USD,102920000000,Total current liabilities,F,SEC_8K_HTML_EX991_TABLE_USDM_TO_USD_X1000000_V1,map_wmt_fy27q1_8k_ex991_20260521_b876846bac04,SOURCE_EXTRACTED,snap_8deaf1b77266879e5dc5102897ed157f2dac71f13c381079e331cd7d1a912143,html:balance:Total current liabilities,2026-05-21T11:00:00.000000Z,2026-09-29T12:15:50.406731Z,0107dd5fe2d6677d96f95b409c9a59d420da337eba515e4204fc34ea0e66b93d,CONSOLIDATED,wmt_fy27q1_8k_ex991_20260521_consolidated_bridge,wmt_actual_fy27q1_8k_20260521
raw_wmt_fy27q1_8k_ex991_20260521_719f309ce0e886b0,wmt_fy27q1_8k_ex991_20260521,walmart_consolidated_group,walmart_inc_us_de,,,noncurrent_debt,2026-04-30,2026-04-30,INSTANT,USD,USD,36887000000,Long-term debt,F,SEC_8K_HTML_EX991_TABLE_USDM_TO_USD_X1000000_V1,map_wmt_fy27q1_8k_ex991_20260521_0719e6f980cd,SOURCE_EXTRACTED,snap_8deaf1b77266879e5dc5102897ed157f2dac71f13c381079e331cd7d1a912143,html:balance:Long-term debt,2026-05-21T11:00:00.000000Z,2026-09-29T12:15:50.406731Z,0107dd5fe2d6677d96f95b409c9a59d420da337eba515e4204fc34ea0e66b93d,CONSOLIDATED,wmt_fy27q1_8k_ex991_20260521_consolidated_bridge,wmt_actual_fy27q1_8k_20260521
raw_wmt_fy27q1_8k_ex991_20260521_c25fbc054666c7d0,wmt_fy27q1_8k_ex991_20260521,walmart_consolidated_group,walmart_inc_us_de,,,noncurrent_debt,2026-01-31,2026-01-31,INSTANT,USD,USD,34624000000,Long-term debt,F,SEC_8K_HTML_EX991_TABLE_USDM_TO_USD_X1000000_V1,map_wmt_fy27q1_8k_ex991_20260521_0719e6f980cd,SOURCE_EXTRACTED,snap_8deaf1b77266879e5dc5102897ed157f2dac71f13c381079e331cd7d1a912143,html:balance:Long-term debt,2026-05-21T11:00:00.000000Z,2026-09-29T12:15:50.406731Z,0107dd5fe2d6677d96f95b409c9a59d420da337eba515e4204fc34ea0e66b93d,CONSOLIDATED,wmt_fy27q1_8k_ex991_20260521_consolidated_bridge,wmt_actual_fy27q1_8k_20260521
raw_wmt_fy27q1_8k_ex991_20260521_60fa270743986e2e,wmt_fy27q1_8k_ex991_20260521,walmart_consolidated_group,walmart_inc_us_de,,,noncurrent_debt,2025-04-30,2025-04-30,INSTANT,USD,USD,36520000000,Long-term debt,F,SEC_8K_HTML_EX991_TABLE_USDM_TO_USD_X1000000_V1,map_wmt_fy27q1_8k_ex991_20260521_0719e6f980cd,SOURCE_EXTRACTED,snap_8deaf1b77266879e5dc5102897ed157f2dac71f13c381079e331cd7d1a912143,html:balance:Long-term debt,2026-05-21T11:00:00.000000Z,2026-09-29T12:15:50.406731Z,0107dd5fe2d6677d96f95b409c9a59d420da337eba515e4204fc34ea0e66b93d,CONSOLIDATED,wmt_fy27q1_8k_ex991_20260521_consolidated_bridge,wmt_actual_fy27q1_8k_20260521
raw_wmt_fy27q1_8k_ex991_20260521_5e80f33f67cb2eb6,wmt_fy27q1_8k_ex991_20260521,walmart_consolidated_group,walmart_inc_us_de,,,total_equity,2026-04-30,2026-04-30,INSTANT,USD,USD,100682000000,Total shareholders’ equity,F,SEC_8K_HTML_EX991_TABLE_USDM_TO_USD_X1000000_V1,map_wmt_fy27q1_8k_ex991_20260521_fe6174420e89,SOURCE_EXTRACTED,snap_8deaf1b77266879e5dc5102897ed157f2dac71f13c381079e331cd7d1a912143,html:balance:Total shareholders’ equity,2026-05-21T11:00:00.000000Z,2026-09-29T12:15:50.406731Z,0107dd5fe2d6677d96f95b409c9a59d420da337eba515e4204fc34ea0e66b93d,CONSOLIDATED,wmt_fy27q1_8k_ex991_20260521_consolidated_bridge,wmt_actual_fy27q1_8k_20260521
raw_wmt_fy27q1_8k_ex991_20260521_931b4680dbebd427,wmt_fy27q1_8k_ex991_20260521,walmart_consolidated_group,walmart_inc_us_de,,,total_equity,2026-01-31,2026-01-31,INSTANT,USD,USD,105887000000,Total shareholders’ equity,F,SEC_8K_HTML_EX991_TABLE_USDM_TO_USD_X1000000_V1,map_wmt_fy27q1_8k_ex991_20260521_fe6174420e89,SOURCE_EXTRACTED,snap_8deaf1b77266879e5dc5102897ed157f2dac71f13c381079e331cd7d1a912143,html:balance:Total shareholders’ equity,2026-05-21T11:00:00.000000Z,2026-09-29T12:15:50.406731Z,0107dd5fe2d6677d96f95b409c9a59d420da337eba515e4204fc34ea0e66b93d,CONSOLIDATED,wmt_fy27q1_8k_ex991_20260521_consolidated_bridge,wmt_actual_fy27q1_8k_20260521
raw_wmt_fy27q1_8k_ex991_20260521_159b125a006c08d6,wmt_fy27q1_8k_ex991_20260521,walmart_consolidated_group,walmart_inc_us_de,,,total_equity,2025-04-30,2025-04-30,INSTANT,USD,USD,90341000000,Total shareholders’ equity,F,SEC_8K_HTML_EX991_TABLE_USDM_TO_USD_X1000000_V1,map_wmt_fy27q1_8k_ex991_20260521_fe6174420e89,SOURCE_EXTRACTED,snap_8deaf1b77266879e5dc5102897ed157f2dac71f13c381079e331cd7d1a912143,html:balance:Total shareholders’ equity,2026-05-21T11:00:00.000000Z,2026-09-29T12:15:50.406731Z,0107dd5fe2d6677d96f95b409c9a59d420da337eba515e4204fc34ea0e66b93d,CONSOLIDATED,wmt_fy27q1_8k_ex991_20260521_consolidated_bridge,wmt_actual_fy27q1_8k_20260521
raw_wmt_fy27q1_8k_ex991_20260521_655246b4174987fa,wmt_fy27q1_8k_ex991_20260521,walmart_consolidated_group,walmart_inc_us_de,,,total_liabilities_equity,2026-04-30,2026-04-30,INSTANT,USD,USD,289607000000,"Total liabilities, redeemable noncontrolling interest, and shareholders’ equity",F,SEC_8K_HTML_EX991_TABLE_USDM_TO_USD_X1000000_V1,map_wmt_fy27q1_8k_ex991_20260521_b431c9db7e97,SOURCE_EXTRACTED,snap_8deaf1b77266879e5dc5102897ed157f2dac71f13c381079e331cd7d1a912143,"html:balance:Total liabilities, redeemable noncontrolling interest, and shareholders’ equity",2026-05-21T11:00:00.000000Z,2026-09-29T12:15:50.406731Z,0107dd5fe2d6677d96f95b409c9a59d420da337eba515e4204fc34ea0e66b93d,CONSOLIDATED,wmt_fy27q1_8k_ex991_20260521_consolidated_bridge,wmt_actual_fy27q1_8k_20260521
raw_wmt_fy27q1_8k_ex991_20260521_0906020c835c9f4b,wmt_fy27q1_8k_ex991_20260521,walmart_consolidated_group,walmart_inc_us_de,,,total_liabilities_equity,2026-01-31,2026-01-31,INSTANT,USD,USD,284668000000,"Total liabilities, redeemable noncontrolling interest, and shareholders’ equity",F,SEC_8K_HTML_EX991_TABLE_USDM_TO_USD_X1000000_V1,map_wmt_fy27q1_8k_ex991_20260521_b431c9db7e97,SOURCE_EXTRACTED,snap_8deaf1b77266879e5dc5102897ed157f2dac71f13c381079e331cd7d1a912143,"html:balance:Total liabilities, redeemable noncontrolling interest, and shareholders’ equity",2026-05-21T11:00:00.000000Z,2026-09-29T12:15:50.406731Z,0107dd5fe2d6677d96f95b409c9a59d420da337eba515e4204fc34ea0e66b93d,CONSOLIDATED,wmt_fy27q1_8k_ex991_20260521_consolidated_bridge,wmt_actual_fy27q1_8k_20260521
raw_wmt_fy27q1_8k_ex991_20260521_f9155a158ab5a8ef,wmt_fy27q1_8k_ex991_20260521,walmart_consolidated_group,walmart_inc_us_de,,,total_liabilities_equity,2025-04-30,2025-04-30,INSTANT,USD,USD,262372000000,"Total liabilities, redeemable noncontrolling interest, and shareholders’ equity",F,SEC_8K_HTML_EX991_TABLE_USDM_TO_USD_X1000000_V1,map_wmt_fy27q1_8k_ex991_20260521_b431c9db7e97,SOURCE_EXTRACTED,snap_8deaf1b77266879e5dc5102897ed157f2dac71f13c381079e331cd7d1a912143,"html:balance:Total liabilities, redeemable noncontrolling interest, and shareholders’ equity",2026-05-21T11:00:00.000000Z,2026-09-29T12:15:50.406731Z,0107dd5fe2d6677d96f95b409c9a59d420da337eba515e4204fc34ea0e66b93d,CONSOLIDATED,wmt_fy27q1_8k_ex991_20260521_consolidated_bridge,wmt_actual_fy27q1_8k_20260521
raw_wmt_fy27q1_8k_ex991_20260521_2838ccf6d8563ad6,wmt_fy27q1_8k_ex991_20260521,walmart_consolidated_group,walmart_inc_us_de,,,depreciation_amortization_quarter,2026-02-01,2026-04-30,QUARTER,USD,USD,3821000000,Depreciation and amortization,F,SEC_8K_HTML_EX991_TABLE_USDM_TO_USD_X1000000_V1,map_wmt_fy27q1_8k_ex991_20260521_ba8f27d067dc,SOURCE_EXTRACTED,snap_8deaf1b77266879e5dc5102897ed157f2dac71f13c381079e331cd7d1a912143,html:cash:Depreciation and amortization,2026-05-21T11:00:00.000000Z,2026-09-29T12:15:50.406731Z,0107dd5fe2d6677d96f95b409c9a59d420da337eba515e4204fc34ea0e66b93d,CONSOLIDATED,wmt_fy27q1_8k_ex991_20260521_consolidated_bridge,wmt_actual_fy27q1_8k_20260521
raw_wmt_fy27q1_8k_ex991_20260521_737e3ec4453c1b27,wmt_fy27q1_8k_ex991_20260521,walmart_consolidated_group,walmart_inc_us_de,,,depreciation_amortization_quarter,2025-02-01,2025-04-30,QUARTER,USD,USD,3369000000,Depreciation and amortization,F,SEC_8K_HTML_EX991_TABLE_USDM_TO_USD_X1000000_V1,map_wmt_fy27q1_8k_ex991_20260521_ba8f27d067dc,SOURCE_EXTRACTED,snap_8deaf1b77266879e5dc5102897ed157f2dac71f13c381079e331cd7d1a912143,html:cash:Depreciation and amortization,2026-05-21T11:00:00.000000Z,2026-09-29T12:15:50.406731Z,0107dd5fe2d6677d96f95b409c9a59d420da337eba515e4204fc34ea0e66b93d,CONSOLIDATED,wmt_fy27q1_8k_ex991_20260521_consolidated_bridge,wmt_actual_fy27q1_8k_20260521
raw_wmt_fy27q1_8k_ex991_20260521_217aea56289a0a6d,wmt_fy27q1_8k_ex991_20260521,walmart_consolidated_group,walmart_inc_us_de,,,operating_cash_flow_quarter,2026-02-01,2026-04-30,QUARTER,USD,USD,4738000000,Net cash provided by operating activities,F,SEC_8K_HTML_EX991_TABLE_USDM_TO_USD_X1000000_V1,map_wmt_fy27q1_8k_ex991_20260521_07ee66d3677e,SOURCE_EXTRACTED,snap_8deaf1b77266879e5dc5102897ed157f2dac71f13c381079e331cd7d1a912143,html:cash:Net cash provided by operating activities,2026-05-21T11:00:00.000000Z,2026-09-29T12:15:50.406731Z,0107dd5fe2d6677d96f95b409c9a59d420da337eba515e4204fc34ea0e66b93d,CONSOLIDATED,wmt_fy27q1_8k_ex991_20260521_consolidated_bridge,wmt_actual_fy27q1_8k_20260521
raw_wmt_fy27q1_8k_ex991_20260521_2731bca8d92d7895,wmt_fy27q1_8k_ex991_20260521,walmart_consolidated_group,walmart_inc_us_de,,,operating_cash_flow_quarter,2025-02-01,2025-04-30,QUARTER,USD,USD,5411000000,Net cash provided by operating activities,F,SEC_8K_HTML_EX991_TABLE_USDM_TO_USD_X1000000_V1,map_wmt_fy27q1_8k_ex991_20260521_07ee66d3677e,SOURCE_EXTRACTED,snap_8deaf1b77266879e5dc5102897ed157f2dac71f13c381079e331cd7d1a912143,html:cash:Net cash provided by operating activities,2026-05-21T11:00:00.000000Z,2026-09-29T12:15:50.406731Z,0107dd5fe2d6677d96f95b409c9a59d420da337eba515e4204fc34ea0e66b93d,CONSOLIDATED,wmt_fy27q1_8k_ex991_20260521_consolidated_bridge,wmt_actual_fy27q1_8k_20260521
raw_wmt_fy27q1_8k_ex991_20260521_c6837b1aab191dc4,wmt_fy27q1_8k_ex991_20260521,walmart_consolidated_group,walmart_inc_us_de,,,capital_expenditure_payments_quarter,2026-02-01,2026-04-30,QUARTER,USD,USD,-6684000000,Payments for property and equipment,F,SEC_8K_HTML_EX991_TABLE_USDM_TO_USD_X1000000_V1,map_wmt_fy27q1_8k_ex991_20260521_fb135704012a,SOURCE_EXTRACTED,snap_8deaf1b77266879e5dc5102897ed157f2dac71f13c381079e331cd7d1a912143,html:cash:Payments for property and equipment,2026-05-21T11:00:00.000000Z,2026-09-29T12:15:50.406731Z,0107dd5fe2d6677d96f95b409c9a59d420da337eba515e4204fc34ea0e66b93d,CONSOLIDATED,wmt_fy27q1_8k_ex991_20260521_consolidated_bridge,wmt_actual_fy27q1_8k_20260521
raw_wmt_fy27q1_8k_ex991_20260521_4768e9796af2ae04,wmt_fy27q1_8k_ex991_20260521,walmart_consolidated_group,walmart_inc_us_de,,,capital_expenditure_payments_quarter,2025-02-01,2025-04-30,QUARTER,USD,USD,-4986000000,Payments for property and equipment,F,SEC_8K_HTML_EX991_TABLE_USDM_TO_USD_X1000000_V1,map_wmt_fy27q1_8k_ex991_20260521_fb135704012a,SOURCE_EXTRACTED,snap_8deaf1b77266879e5dc5102897ed157f2dac71f13c381079e331cd7d1a912143,html:cash:Payments for property and equipment,2026-05-21T11:00:00.000000Z,2026-09-29T12:15:50.406731Z,0107dd5fe2d6677d96f95b409c9a59d420da337eba515e4204fc34ea0e66b93d,CONSOLIDATED,wmt_fy27q1_8k_ex991_20260521_consolidated_bridge,wmt_actual_fy27q1_8k_20260521
raw_wmt_fy27q1_8k_ex991_20260521_d37fc41f8c66b055,wmt_fy27q1_8k_ex991_20260521,walmart_consolidated_group,walmart_inc_us_de,,,investing_cash_flow_quarter,2026-02-01,2026-04-30,QUARTER,USD,USD,-6737000000,Net cash used in investing activities,F,SEC_8K_HTML_EX991_TABLE_USDM_TO_USD_X1000000_V1,map_wmt_fy27q1_8k_ex991_20260521_1a03dd851299,SOURCE_EXTRACTED,snap_8deaf1b77266879e5dc5102897ed157f2dac71f13c381079e331cd7d1a912143,html:cash:Net cash used in investing activities,2026-05-21T11:00:00.000000Z,2026-09-29T12:15:50.406731Z,0107dd5fe2d6677d96f95b409c9a59d420da337eba515e4204fc34ea0e66b93d,CONSOLIDATED,wmt_fy27q1_8k_ex991_20260521_consolidated_bridge,wmt_actual_fy27q1_8k_20260521
raw_wmt_fy27q1_8k_ex991_20260521_ff69cf27691e073a,wmt_fy27q1_8k_ex991_20260521,walmart_consolidated_group,walmart_inc_us_de,,,investing_cash_flow_quarter,2025-02-01,2025-04-30,QUARTER,USD,USD,-5093000000,Net cash used in investing activities,F,SEC_8K_HTML_EX991_TABLE_USDM_TO_USD_X1000000_V1,map_wmt_fy27q1_8k_ex991_20260521_1a03dd851299,SOURCE_EXTRACTED,snap_8deaf1b77266879e5dc5102897ed157f2dac71f13c381079e331cd7d1a912143,html:cash:Net cash used in investing activities,2026-05-21T11:00:00.000000Z,2026-09-29T12:15:50.406731Z,0107dd5fe2d6677d96f95b409c9a59d420da337eba515e4204fc34ea0e66b93d,CONSOLIDATED,wmt_fy27q1_8k_ex991_20260521_consolidated_bridge,wmt_actual_fy27q1_8k_20260521
raw_wmt_fy27q1_8k_ex991_20260521_49cb0f22b0f9bbe3,wmt_fy27q1_8k_ex991_20260521,walmart_consolidated_group,walmart_inc_us_de,,,financing_cash_flow_quarter,2026-02-01,2026-04-30,QUARTER,USD,USD,2328000000,Net cash provided by financing activities,F,SEC_8K_HTML_EX991_TABLE_USDM_TO_USD_X1000000_V1,map_wmt_fy27q1_8k_ex991_20260521_4306a44cb71a,SOURCE_EXTRACTED,snap_8deaf1b77266879e5dc5102897ed157f2dac71f13c381079e331cd7d1a912143,html:cash:Net cash provided by financing activities,2026-05-21T11:00:00.000000Z,2026-09-29T12:15:50.406731Z,0107dd5fe2d6677d96f95b409c9a59d420da337eba515e4204fc34ea0e66b93d,CONSOLIDATED,wmt_fy27q1_8k_ex991_20260521_consolidated_bridge,wmt_actual_fy27q1_8k_20260521
raw_wmt_fy27q1_8k_ex991_20260521_b6b0ca57c4d68cff,wmt_fy27q1_8k_ex991_20260521,walmart_consolidated_group,walmart_inc_us_de,,,financing_cash_flow_quarter,2025-02-01,2025-04-30,QUARTER,USD,USD,8000000,Net cash provided by financing activities,F,SEC_8K_HTML_EX991_TABLE_USDM_TO_USD_X1000000_V1,map_wmt_fy27q1_8k_ex991_20260521_4306a44cb71a,SOURCE_EXTRACTED,snap_8deaf1b77266879e5dc5102897ed157f2dac71f13c381079e331cd7d1a912143,html:cash:Net cash provided by financing activities,2026-05-21T11:00:00.000000Z,2026-09-29T12:15:50.406731Z,0107dd5fe2d6677d96f95b409c9a59d420da337eba515e4204fc34ea0e66b93d,CONSOLIDATED,wmt_fy27q1_8k_ex991_20260521_consolidated_bridge,wmt_actual_fy27q1_8k_20260521
raw_wmt_fy27q1_8k_ex991_20260521_ebc7589237e6bc48,wmt_fy27q1_8k_ex991_20260521,walmart_consolidated_group,walmart_inc_us_de,,,fx_effect_on_cash_quarter,2026-02-01,2026-04-30,QUARTER,USD,USD,-331000000,"Effect of exchange rates on cash, cash equivalents and restricted cash",F,SEC_8K_HTML_EX991_TABLE_USDM_TO_USD_X1000000_V1,map_wmt_fy27q1_8k_ex991_20260521_9e947ba9e59a,SOURCE_EXTRACTED,snap_8deaf1b77266879e5dc5102897ed157f2dac71f13c381079e331cd7d1a912143,"html:cash:Effect of exchange rates on cash, cash equivalents and restricted cash",2026-05-21T11:00:00.000000Z,2026-09-29T12:15:50.406731Z,0107dd5fe2d6677d96f95b409c9a59d420da337eba515e4204fc34ea0e66b93d,CONSOLIDATED,wmt_fy27q1_8k_ex991_20260521_consolidated_bridge,wmt_actual_fy27q1_8k_20260521
raw_wmt_fy27q1_8k_ex991_20260521_922b625b1940b4b2,wmt_fy27q1_8k_ex991_20260521,walmart_consolidated_group,walmart_inc_us_de,,,fx_effect_on_cash_quarter,2025-02-01,2025-04-30,QUARTER,USD,USD,70000000,"Effect of exchange rates on cash, cash equivalents and restricted cash",F,SEC_8K_HTML_EX991_TABLE_USDM_TO_USD_X1000000_V1,map_wmt_fy27q1_8k_ex991_20260521_9e947ba9e59a,SOURCE_EXTRACTED,snap_8deaf1b77266879e5dc5102897ed157f2dac71f13c381079e331cd7d1a912143,"html:cash:Effect of exchange rates on cash, cash equivalents and restricted cash",2026-05-21T11:00:00.000000Z,2026-09-29T12:15:50.406731Z,0107dd5fe2d6677d96f95b409c9a59d420da337eba515e4204fc34ea0e66b93d,CONSOLIDATED,wmt_fy27q1_8k_ex991_20260521_consolidated_bridge,wmt_actual_fy27q1_8k_20260521
raw_wmt_fy27q1_8k_ex991_20260521_4da13e0a262bde59,wmt_fy27q1_8k_ex991_20260521,walmart_consolidated_group,walmart_inc_us_de,,,cash_restricted_begin,2026-01-31,2026-01-31,INSTANT,USD,USD,11321000000,"Cash, cash equivalents and restricted cash at beginning of year",F,SEC_8K_HTML_EX991_TABLE_USDM_TO_USD_X1000000_V1,map_wmt_fy27q1_8k_ex991_20260521_870824c5bfae,SOURCE_EXTRACTED,snap_8deaf1b77266879e5dc5102897ed157f2dac71f13c381079e331cd7d1a912143,"html:cash:Cash, cash equivalents and restricted cash at beginning of year",2026-05-21T11:00:00.000000Z,2026-09-29T12:15:50.406731Z,0107dd5fe2d6677d96f95b409c9a59d420da337eba515e4204fc34ea0e66b93d,CONSOLIDATED,wmt_fy27q1_8k_ex991_20260521_consolidated_bridge,wmt_actual_fy27q1_8k_20260521
raw_wmt_fy27q1_8k_ex991_20260521_33b8b24285fb4d93,wmt_fy27q1_8k_ex991_20260521,walmart_consolidated_group,walmart_inc_us_de,,,cash_restricted_begin,2025-01-31,2025-01-31,INSTANT,USD,USD,9536000000,"Cash, cash equivalents and restricted cash at beginning of year",F,SEC_8K_HTML_EX991_TABLE_USDM_TO_USD_X1000000_V1,map_wmt_fy27q1_8k_ex991_20260521_870824c5bfae,SOURCE_EXTRACTED,snap_8deaf1b77266879e5dc5102897ed157f2dac71f13c381079e331cd7d1a912143,"html:cash:Cash, cash equivalents and restricted cash at beginning of year",2026-05-21T11:00:00.000000Z,2026-09-29T12:15:50.406731Z,0107dd5fe2d6677d96f95b409c9a59d420da337eba515e4204fc34ea0e66b93d,CONSOLIDATED,wmt_fy27q1_8k_ex991_20260521_consolidated_bridge,wmt_actual_fy27q1_8k_20260521
raw_wmt_fy27q1_8k_ex991_20260521_e950c161fc8924f5,wmt_fy27q1_8k_ex991_20260521,walmart_consolidated_group,walmart_inc_us_de,,,cash_restricted_end,2026-04-30,2026-04-30,INSTANT,USD,USD,11319000000,"Cash, cash equivalents and restricted cash at end of period",F,SEC_8K_HTML_EX991_TABLE_USDM_TO_USD_X1000000_V1,map_wmt_fy27q1_8k_ex991_20260521_5d10016017c3,SOURCE_EXTRACTED,snap_8deaf1b77266879e5dc5102897ed157f2dac71f13c381079e331cd7d1a912143,"html:cash:Cash, cash equivalents and restricted cash at end of period",2026-05-21T11:00:00.000000Z,2026-09-29T12:15:50.406731Z,0107dd5fe2d6677d96f95b409c9a59d420da337eba515e4204fc34ea0e66b93d,CONSOLIDATED,wmt_fy27q1_8k_ex991_20260521_consolidated_bridge,wmt_actual_fy27q1_8k_20260521
raw_wmt_fy27q1_8k_ex991_20260521_87875e010a27b63f,wmt_fy27q1_8k_ex991_20260521,walmart_consolidated_group,walmart_inc_us_de,,,cash_restricted_end,2025-04-30,2025-04-30,INSTANT,USD,USD,9932000000,"Cash, cash equivalents and restricted cash at end of period",F,SEC_8K_HTML_EX991_TABLE_USDM_TO_USD_X1000000_V1,map_wmt_fy27q1_8k_ex991_20260521_5d10016017c3,SOURCE_EXTRACTED,snap_8deaf1b77266879e5dc5102897ed157f2dac71f13c381079e331cd7d1a912143,"html:cash:Cash, cash equivalents and restricted cash at end of period",2026-05-21T11:00:00.000000Z,2026-09-29T12:15:50.406731Z,0107dd5fe2d6677d96f95b409c9a59d420da337eba515e4204fc34ea0e66b93d,CONSOLIDATED,wmt_fy27q1_8k_ex991_20260521_consolidated_bridge,wmt_actual_fy27q1_8k_20260521
raw_wmt_fy27q1_8k_ex991_20260521_supp_919775056c3d5282,wmt_fy27q1_8k_ex991_20260521,walmart_consolidated_group,walmart_inc_us_de,,,prepaid_other_current_assets,2026-04-30,2026-04-30,INSTANT,USD,USD,4433000000,Prepaid expenses and other,F,SEC_8K_HTML_EX991_BALANCE_USDM_TO_USD_X1000000_V2,map_wmt_fy27q1_8k_ex991_20260521_supp_1ecabf004093,SOURCE_EXTRACTED,snap_49c5c3648bce32e436e8351fb8e66c300be5377bac06180d8fca8d3c590dba3f,html:balance:Prepaid expenses and other,2026-05-21T11:00:00.000000Z,2026-10-01T04:51:15.099912Z,1da651ebab33b75f8057857ddc7c75d01ef3bf20642d169ac94321a311e49a1a,CONSOLIDATED,wmt_fy27q1_8k_ex991_20260521_supplement_consolidated_bridge,wmt_actual_fy27q1_8k_20260521
raw_wmt_fy27q1_8k_ex991_20260521_supp_db31c936cdae12e0,wmt_fy27q1_8k_ex991_20260521,walmart_consolidated_group,walmart_inc_us_de,,,prepaid_other_current_assets,2026-01-31,2026-01-31,INSTANT,USD,USD,4124000000,Prepaid expenses and other,F,SEC_8K_HTML_EX991_BALANCE_USDM_TO_USD_X1000000_V2,map_wmt_fy27q1_8k_ex991_20260521_supp_1ecabf004093,SOURCE_EXTRACTED,snap_49c5c3648bce32e436e8351fb8e66c300be5377bac06180d8fca8d3c590dba3f,html:balance:Prepaid expenses and other,2026-05-21T11:00:00.000000Z,2026-10-01T04:51:15.099912Z,1da651ebab33b75f8057857ddc7c75d01ef3bf20642d169ac94321a311e49a1a,CONSOLIDATED,wmt_fy27q1_8k_ex991_20260521_supplement_consolidated_bridge,wmt_actual_fy27q1_8k_20260521
raw_wmt_fy27q1_8k_ex991_20260521_supp_5091f134ee51c182,wmt_fy27q1_8k_ex991_20260521,walmart_consolidated_group,walmart_inc_us_de,,,prepaid_other_current_assets,2025-04-30,2025-04-30,INSTANT,USD,USD,3789000000,Prepaid expenses and other,F,SEC_8K_HTML_EX991_BALANCE_USDM_TO_USD_X1000000_V2,map_wmt_fy27q1_8k_ex991_20260521_supp_1ecabf004093,SOURCE_EXTRACTED,snap_49c5c3648bce32e436e8351fb8e66c300be5377bac06180d8fca8d3c590dba3f,html:balance:Prepaid expenses and other,2026-05-21T11:00:00.000000Z,2026-10-01T04:51:15.099912Z,1da651ebab33b75f8057857ddc7c75d01ef3bf20642d169ac94321a311e49a1a,CONSOLIDATED,wmt_fy27q1_8k_ex991_20260521_supplement_consolidated_bridge,wmt_actual_fy27q1_8k_20260521
raw_wmt_fy27q1_8k_ex991_20260521_supp_d265df26b27c61d5,wmt_fy27q1_8k_ex991_20260521,walmart_consolidated_group,walmart_inc_us_de,,,operating_lease_rou_assets,2026-04-30,2026-04-30,INSTANT,USD,USD,15220000000,Operating lease right-of-use assets,F,SEC_8K_HTML_EX991_BALANCE_USDM_TO_USD_X1000000_V2,map_wmt_fy27q1_8k_ex991_20260521_supp_ac3208536514,SOURCE_EXTRACTED,snap_49c5c3648bce32e436e8351fb8e66c300be5377bac06180d8fca8d3c590dba3f,html:balance:Operating lease right-of-use assets,2026-05-21T11:00:00.000000Z,2026-10-01T04:51:15.099912Z,1da651ebab33b75f8057857ddc7c75d01ef3bf20642d169ac94321a311e49a1a,CONSOLIDATED,wmt_fy27q1_8k_ex991_20260521_supplement_consolidated_bridge,wmt_actual_fy27q1_8k_20260521
raw_wmt_fy27q1_8k_ex991_20260521_supp_443633a97f4e53c2,wmt_fy27q1_8k_ex991_20260521,walmart_consolidated_group,walmart_inc_us_de,,,operating_lease_rou_assets,2026-01-31,2026-01-31,INSTANT,USD,USD,14750000000,Operating lease right-of-use assets,F,SEC_8K_HTML_EX991_BALANCE_USDM_TO_USD_X1000000_V2,map_wmt_fy27q1_8k_ex991_20260521_supp_ac3208536514,SOURCE_EXTRACTED,snap_49c5c3648bce32e436e8351fb8e66c300be5377bac06180d8fca8d3c590dba3f,html:balance:Operating lease right-of-use assets,2026-05-21T11:00:00.000000Z,2026-10-01T04:51:15.099912Z,1da651ebab33b75f8057857ddc7c75d01ef3bf20642d169ac94321a311e49a1a,CONSOLIDATED,wmt_fy27q1_8k_ex991_20260521_supplement_consolidated_bridge,wmt_actual_fy27q1_8k_20260521
raw_wmt_fy27q1_8k_ex991_20260521_supp_f2b53add897cd665,wmt_fy27q1_8k_ex991_20260521,walmart_consolidated_group,walmart_inc_us_de,,,operating_lease_rou_assets,2025-04-30,2025-04-30,INSTANT,USD,USD,13567000000,Operating lease right-of-use assets,F,SEC_8K_HTML_EX991_BALANCE_USDM_TO_USD_X1000000_V2,map_wmt_fy27q1_8k_ex991_20260521_supp_ac3208536514,SOURCE_EXTRACTED,snap_49c5c3648bce32e436e8351fb8e66c300be5377bac06180d8fca8d3c590dba3f,html:balance:Operating lease right-of-use assets,2026-05-21T11:00:00.000000Z,2026-10-01T04:51:15.099912Z,1da651ebab33b75f8057857ddc7c75d01ef3bf20642d169ac94321a311e49a1a,CONSOLIDATED,wmt_fy27q1_8k_ex991_20260521_supplement_consolidated_bridge,wmt_actual_fy27q1_8k_20260521
raw_wmt_fy27q1_8k_ex991_20260521_supp_6356e69bbd450374,wmt_fy27q1_8k_ex991_20260521,walmart_consolidated_group,walmart_inc_us_de,,,finance_lease_rou_assets,2026-04-30,2026-04-30,INSTANT,USD,USD,6033000000,"Finance lease right-of-use assets, net",F,SEC_8K_HTML_EX991_BALANCE_USDM_TO_USD_X1000000_V2,map_wmt_fy27q1_8k_ex991_20260521_supp_a8aca7e07d25,SOURCE_EXTRACTED,snap_49c5c3648bce32e436e8351fb8e66c300be5377bac06180d8fca8d3c590dba3f,"html:balance:Finance lease right-of-use assets, net",2026-05-21T11:00:00.000000Z,2026-10-01T04:51:15.099912Z,1da651ebab33b75f8057857ddc7c75d01ef3bf20642d169ac94321a311e49a1a,CONSOLIDATED,wmt_fy27q1_8k_ex991_20260521_supplement_consolidated_bridge,wmt_actual_fy27q1_8k_20260521
raw_wmt_fy27q1_8k_ex991_20260521_supp_7a4e40f9d90e91ce,wmt_fy27q1_8k_ex991_20260521,walmart_consolidated_group,walmart_inc_us_de,,,finance_lease_rou_assets,2026-01-31,2026-01-31,INSTANT,USD,USD,6123000000,"Finance lease right-of-use assets, net",F,SEC_8K_HTML_EX991_BALANCE_USDM_TO_USD_X1000000_V2,map_wmt_fy27q1_8k_ex991_20260521_supp_a8aca7e07d25,SOURCE_EXTRACTED,snap_49c5c3648bce32e436e8351fb8e66c300be5377bac06180d8fca8d3c590dba3f,"html:balance:Finance lease right-of-use assets, net",2026-05-21T11:00:00.000000Z,2026-10-01T04:51:15.099912Z,1da651ebab33b75f8057857ddc7c75d01ef3bf20642d169ac94321a311e49a1a,CONSOLIDATED,wmt_fy27q1_8k_ex991_20260521_supplement_consolidated_bridge,wmt_actual_fy27q1_8k_20260521
raw_wmt_fy27q1_8k_ex991_20260521_supp_21b509f7733cada3,wmt_fy27q1_8k_ex991_20260521,walmart_consolidated_group,walmart_inc_us_de,,,finance_lease_rou_assets,2025-04-30,2025-04-30,INSTANT,USD,USD,6056000000,"Finance lease right-of-use assets, net",F,SEC_8K_HTML_EX991_BALANCE_USDM_TO_USD_X1000000_V2,map_wmt_fy27q1_8k_ex991_20260521_supp_a8aca7e07d25,SOURCE_EXTRACTED,snap_49c5c3648bce32e436e8351fb8e66c300be5377bac06180d8fca8d3c590dba3f,"html:balance:Finance lease right-of-use assets, net",2026-05-21T11:00:00.000000Z,2026-10-01T04:51:15.099912Z,1da651ebab33b75f8057857ddc7c75d01ef3bf20642d169ac94321a311e49a1a,CONSOLIDATED,wmt_fy27q1_8k_ex991_20260521_supplement_consolidated_bridge,wmt_actual_fy27q1_8k_20260521
raw_wmt_fy27q1_8k_ex991_20260521_supp_12427251e041fd0e,wmt_fy27q1_8k_ex991_20260521,walmart_consolidated_group,walmart_inc_us_de,,,goodwill,2026-04-30,2026-04-30,INSTANT,USD,USD,28152000000,Goodwill,F,SEC_8K_HTML_EX991_BALANCE_USDM_TO_USD_X1000000_V2,map_wmt_fy27q1_8k_ex991_20260521_supp_f30f025e9544,SOURCE_EXTRACTED,snap_49c5c3648bce32e436e8351fb8e66c300be5377bac06180d8fca8d3c590dba3f,html:balance:Goodwill,2026-05-21T11:00:00.000000Z,2026-10-01T04:51:15.099912Z,1da651ebab33b75f8057857ddc7c75d01ef3bf20642d169ac94321a311e49a1a,CONSOLIDATED,wmt_fy27q1_8k_ex991_20260521_supplement_consolidated_bridge,wmt_actual_fy27q1_8k_20260521
raw_wmt_fy27q1_8k_ex991_20260521_supp_69dd808dbbbaecac,wmt_fy27q1_8k_ex991_20260521,walmart_consolidated_group,walmart_inc_us_de,,,goodwill,2026-01-31,2026-01-31,INSTANT,USD,USD,28735000000,Goodwill,F,SEC_8K_HTML_EX991_BALANCE_USDM_TO_USD_X1000000_V2,map_wmt_fy27q1_8k_ex991_20260521_supp_f30f025e9544,SOURCE_EXTRACTED,snap_49c5c3648bce32e436e8351fb8e66c300be5377bac06180d8fca8d3c590dba3f,html:balance:Goodwill,2026-05-21T11:00:00.000000Z,2026-10-01T04:51:15.099912Z,1da651ebab33b75f8057857ddc7c75d01ef3bf20642d169ac94321a311e49a1a,CONSOLIDATED,wmt_fy27q1_8k_ex991_20260521_supplement_consolidated_bridge,wmt_actual_fy27q1_8k_20260521
raw_wmt_fy27q1_8k_ex991_20260521_supp_bc4391f28a039d5d,wmt_fy27q1_8k_ex991_20260521,walmart_consolidated_group,walmart_inc_us_de,,,goodwill,2025-04-30,2025-04-30,INSTANT,USD,USD,28866000000,Goodwill,F,SEC_8K_HTML_EX991_BALANCE_USDM_TO_USD_X1000000_V2,map_wmt_fy27q1_8k_ex991_20260521_supp_f30f025e9544,SOURCE_EXTRACTED,snap_49c5c3648bce32e436e8351fb8e66c300be5377bac06180d8fca8d3c590dba3f,html:balance:Goodwill,2026-05-21T11:00:00.000000Z,2026-10-01T04:51:15.099912Z,1da651ebab33b75f8057857ddc7c75d01ef3bf20642d169ac94321a311e49a1a,CONSOLIDATED,wmt_fy27q1_8k_ex991_20260521_supplement_consolidated_bridge,wmt_actual_fy27q1_8k_20260521
raw_wmt_fy27q1_8k_ex991_20260521_supp_3dfefa0f528a0f7d,wmt_fy27q1_8k_ex991_20260521,walmart_consolidated_group,walmart_inc_us_de,,,other_long_term_assets,2026-04-30,2026-04-30,INSTANT,USD,USD,14019000000,Other long-term assets,F,SEC_8K_HTML_EX991_BALANCE_USDM_TO_USD_X1000000_V2,map_wmt_fy27q1_8k_ex991_20260521_supp_6250cf507d68,SOURCE_EXTRACTED,snap_49c5c3648bce32e436e8351fb8e66c300be5377bac06180d8fca8d3c590dba3f,html:balance:Other long-term assets,2026-05-21T11:00:00.000000Z,2026-10-01T04:51:15.099912Z,1da651ebab33b75f8057857ddc7c75d01ef3bf20642d169ac94321a311e49a1a,CONSOLIDATED,wmt_fy27q1_8k_ex991_20260521_supplement_consolidated_bridge,wmt_actual_fy27q1_8k_20260521
raw_wmt_fy27q1_8k_ex991_20260521_supp_4587bc9f660414a5,wmt_fy27q1_8k_ex991_20260521,walmart_consolidated_group,walmart_inc_us_de,,,other_long_term_assets,2026-01-31,2026-01-31,INSTANT,USD,USD,14103000000,Other long-term assets,F,SEC_8K_HTML_EX991_BALANCE_USDM_TO_USD_X1000000_V2,map_wmt_fy27q1_8k_ex991_20260521_supp_6250cf507d68,SOURCE_EXTRACTED,snap_49c5c3648bce32e436e8351fb8e66c300be5377bac06180d8fca8d3c590dba3f,html:balance:Other long-term assets,2026-05-21T11:00:00.000000Z,2026-10-01T04:51:15.099912Z,1da651ebab33b75f8057857ddc7c75d01ef3bf20642d169ac94321a311e49a1a,CONSOLIDATED,wmt_fy27q1_8k_ex991_20260521_supplement_consolidated_bridge,wmt_actual_fy27q1_8k_20260521
raw_wmt_fy27q1_8k_ex991_20260521_supp_7c75bb7d16b6ff85,wmt_fy27q1_8k_ex991_20260521,walmart_consolidated_group,walmart_inc_us_de,,,other_long_term_assets,2025-04-30,2025-04-30,INSTANT,USD,USD,12369000000,Other long-term assets,F,SEC_8K_HTML_EX991_BALANCE_USDM_TO_USD_X1000000_V2,map_wmt_fy27q1_8k_ex991_20260521_supp_6250cf507d68,SOURCE_EXTRACTED,snap_49c5c3648bce32e436e8351fb8e66c300be5377bac06180d8fca8d3c590dba3f,html:balance:Other long-term assets,2026-05-21T11:00:00.000000Z,2026-10-01T04:51:15.099912Z,1da651ebab33b75f8057857ddc7c75d01ef3bf20642d169ac94321a311e49a1a,CONSOLIDATED,wmt_fy27q1_8k_ex991_20260521_supplement_consolidated_bridge,wmt_actual_fy27q1_8k_20260521
raw_wmt_fy27q1_8k_ex991_20260521_supp_5167737acb8da2af,wmt_fy27q1_8k_ex991_20260521,walmart_consolidated_group,walmart_inc_us_de,,,dividends_payable,2026-04-30,2026-04-30,INSTANT,USD,USD,5921000000,Dividends payable,F,SEC_8K_HTML_EX991_BALANCE_USDM_TO_USD_X1000000_V2,map_wmt_fy27q1_8k_ex991_20260521_supp_6ad53e486c54,SOURCE_EXTRACTED,snap_49c5c3648bce32e436e8351fb8e66c300be5377bac06180d8fca8d3c590dba3f,html:balance:Dividends payable,2026-05-21T11:00:00.000000Z,2026-10-01T04:51:15.099912Z,1da651ebab33b75f8057857ddc7c75d01ef3bf20642d169ac94321a311e49a1a,CONSOLIDATED,wmt_fy27q1_8k_ex991_20260521_supplement_consolidated_bridge,wmt_actual_fy27q1_8k_20260521
raw_wmt_fy27q1_8k_ex991_20260521_supp_1c1f197a1d76ca24,wmt_fy27q1_8k_ex991_20260521,walmart_consolidated_group,walmart_inc_us_de,,,dividends_payable,2025-04-30,2025-04-30,INSTANT,USD,USD,5660000000,Dividends payable,F,SEC_8K_HTML_EX991_BALANCE_USDM_TO_USD_X1000000_V2,map_wmt_fy27q1_8k_ex991_20260521_supp_6ad53e486c54,SOURCE_EXTRACTED,snap_49c5c3648bce32e436e8351fb8e66c300be5377bac06180d8fca8d3c590dba3f,html:balance:Dividends payable,2026-05-21T11:00:00.000000Z,2026-10-01T04:51:15.099912Z,1da651ebab33b75f8057857ddc7c75d01ef3bf20642d169ac94321a311e49a1a,CONSOLIDATED,wmt_fy27q1_8k_ex991_20260521_supplement_consolidated_bridge,wmt_actual_fy27q1_8k_20260521
raw_wmt_fy27q1_8k_ex991_20260521_supp_0b1042f0a0382944,wmt_fy27q1_8k_ex991_20260521,walmart_consolidated_group,walmart_inc_us_de,,,accrued_income_taxes,2026-04-30,2026-04-30,INSTANT,USD,USD,1174000000,Accrued income taxes,F,SEC_8K_HTML_EX991_BALANCE_USDM_TO_USD_X1000000_V2,map_wmt_fy27q1_8k_ex991_20260521_supp_3bbba1821af1,SOURCE_EXTRACTED,snap_49c5c3648bce32e436e8351fb8e66c300be5377bac06180d8fca8d3c590dba3f,html:balance:Accrued income taxes,2026-05-21T11:00:00.000000Z,2026-10-01T04:51:15.099912Z,1da651ebab33b75f8057857ddc7c75d01ef3bf20642d169ac94321a311e49a1a,CONSOLIDATED,wmt_fy27q1_8k_ex991_20260521_supplement_consolidated_bridge,wmt_actual_fy27q1_8k_20260521
raw_wmt_fy27q1_8k_ex991_20260521_supp_4b446c8005def88c,wmt_fy27q1_8k_ex991_20260521,walmart_consolidated_group,walmart_inc_us_de,,,accrued_income_taxes,2026-01-31,2026-01-31,INSTANT,USD,USD,596000000,Accrued income taxes,F,SEC_8K_HTML_EX991_BALANCE_USDM_TO_USD_X1000000_V2,map_wmt_fy27q1_8k_ex991_20260521_supp_3bbba1821af1,SOURCE_EXTRACTED,snap_49c5c3648bce32e436e8351fb8e66c300be5377bac06180d8fca8d3c590dba3f,html:balance:Accrued income taxes,2026-05-21T11:00:00.000000Z,2026-10-01T04:51:15.099912Z,1da651ebab33b75f8057857ddc7c75d01ef3bf20642d169ac94321a311e49a1a,CONSOLIDATED,wmt_fy27q1_8k_ex991_20260521_supplement_consolidated_bridge,wmt_actual_fy27q1_8k_20260521
raw_wmt_fy27q1_8k_ex991_20260521_supp_9c646a47efe0f1a4,wmt_fy27q1_8k_ex991_20260521,walmart_consolidated_group,walmart_inc_us_de,,,accrued_income_taxes,2025-04-30,2025-04-30,INSTANT,USD,USD,1465000000,Accrued income taxes,F,SEC_8K_HTML_EX991_BALANCE_USDM_TO_USD_X1000000_V2,map_wmt_fy27q1_8k_ex991_20260521_supp_3bbba1821af1,SOURCE_EXTRACTED,snap_49c5c3648bce32e436e8351fb8e66c300be5377bac06180d8fca8d3c590dba3f,html:balance:Accrued income taxes,2026-05-21T11:00:00.000000Z,2026-10-01T04:51:15.099912Z,1da651ebab33b75f8057857ddc7c75d01ef3bf20642d169ac94321a311e49a1a,CONSOLIDATED,wmt_fy27q1_8k_ex991_20260521_supplement_consolidated_bridge,wmt_actual_fy27q1_8k_20260521
raw_wmt_fy27q1_8k_ex991_20260521_supp_2e2a80c6ef6cfdfe,wmt_fy27q1_8k_ex991_20260521,walmart_consolidated_group,walmart_inc_us_de,,,operating_lease_current,2026-04-30,2026-04-30,INSTANT,USD,USD,1662000000,Operating lease obligations due within one year,F,SEC_8K_HTML_EX991_BALANCE_USDM_TO_USD_X1000000_V2,map_wmt_fy27q1_8k_ex991_20260521_supp_4609be25f73e,SOURCE_EXTRACTED,snap_49c5c3648bce32e436e8351fb8e66c300be5377bac06180d8fca8d3c590dba3f,html:balance:Operating lease obligations due within one year,2026-05-21T11:00:00.000000Z,2026-10-01T04:51:15.099912Z,1da651ebab33b75f8057857ddc7c75d01ef3bf20642d169ac94321a311e49a1a,CONSOLIDATED,wmt_fy27q1_8k_ex991_20260521_supplement_consolidated_bridge,wmt_actual_fy27q1_8k_20260521
raw_wmt_fy27q1_8k_ex991_20260521_supp_a2e306d0ed8b9970,wmt_fy27q1_8k_ex991_20260521,walmart_consolidated_group,walmart_inc_us_de,,,operating_lease_current,2026-01-31,2026-01-31,INSTANT,USD,USD,1631000000,Operating lease obligations due within one year,F,SEC_8K_HTML_EX991_BALANCE_USDM_TO_USD_X1000000_V2,map_wmt_fy27q1_8k_ex991_20260521_supp_4609be25f73e,SOURCE_EXTRACTED,snap_49c5c3648bce32e436e8351fb8e66c300be5377bac06180d8fca8d3c590dba3f,html:balance:Operating lease obligations due within one year,2026-05-21T11:00:00.000000Z,2026-10-01T04:51:15.099912Z,1da651ebab33b75f8057857ddc7c75d01ef3bf20642d169ac94321a311e49a1a,CONSOLIDATED,wmt_fy27q1_8k_ex991_20260521_supplement_consolidated_bridge,wmt_actual_fy27q1_8k_20260521
raw_wmt_fy27q1_8k_ex991_20260521_supp_a572d016d45df269,wmt_fy27q1_8k_ex991_20260521,walmart_consolidated_group,walmart_inc_us_de,,,operating_lease_current,2025-04-30,2025-04-30,INSTANT,USD,USD,1539000000,Operating lease obligations due within one year,F,SEC_8K_HTML_EX991_BALANCE_USDM_TO_USD_X1000000_V2,map_wmt_fy27q1_8k_ex991_20260521_supp_4609be25f73e,SOURCE_EXTRACTED,snap_49c5c3648bce32e436e8351fb8e66c300be5377bac06180d8fca8d3c590dba3f,html:balance:Operating lease obligations due within one year,2026-05-21T11:00:00.000000Z,2026-10-01T04:51:15.099912Z,1da651ebab33b75f8057857ddc7c75d01ef3bf20642d169ac94321a311e49a1a,CONSOLIDATED,wmt_fy27q1_8k_ex991_20260521_supplement_consolidated_bridge,wmt_actual_fy27q1_8k_20260521
raw_wmt_fy27q1_8k_ex991_20260521_supp_de987c67677b51d3,wmt_fy27q1_8k_ex991_20260521,walmart_consolidated_group,walmart_inc_us_de,,,finance_lease_current,2026-04-30,2026-04-30,INSTANT,USD,USD,851000000,Finance lease obligations due within one year,F,SEC_8K_HTML_EX991_BALANCE_USDM_TO_USD_X1000000_V2,map_wmt_fy27q1_8k_ex991_20260521_supp_9f43d43b815f,SOURCE_EXTRACTED,snap_49c5c3648bce32e436e8351fb8e66c300be5377bac06180d8fca8d3c590dba3f,html:balance:Finance lease obligations due within one year,2026-05-21T11:00:00.000000Z,2026-10-01T04:51:15.099912Z,1da651ebab33b75f8057857ddc7c75d01ef3bf20642d169ac94321a311e49a1a,CONSOLIDATED,wmt_fy27q1_8k_ex991_20260521_supplement_consolidated_bridge,wmt_actual_fy27q1_8k_20260521
raw_wmt_fy27q1_8k_ex991_20260521_supp_c74685e5c3138fb7,wmt_fy27q1_8k_ex991_20260521,walmart_consolidated_group,walmart_inc_us_de,,,finance_lease_current,2026-01-31,2026-01-31,INSTANT,USD,USD,856000000,Finance lease obligations due within one year,F,SEC_8K_HTML_EX991_BALANCE_USDM_TO_USD_X1000000_V2,map_wmt_fy27q1_8k_ex991_20260521_supp_9f43d43b815f,SOURCE_EXTRACTED,snap_49c5c3648bce32e436e8351fb8e66c300be5377bac06180d8fca8d3c590dba3f,html:balance:Finance lease obligations due within one year,2026-05-21T11:00:00.000000Z,2026-10-01T04:51:15.099912Z,1da651ebab33b75f8057857ddc7c75d01ef3bf20642d169ac94321a311e49a1a,CONSOLIDATED,wmt_fy27q1_8k_ex991_20260521_supplement_consolidated_bridge,wmt_actual_fy27q1_8k_20260521
raw_wmt_fy27q1_8k_ex991_20260521_supp_e1487be8aac58517,wmt_fy27q1_8k_ex991_20260521,walmart_consolidated_group,walmart_inc_us_de,,,finance_lease_current,2025-04-30,2025-04-30,INSTANT,USD,USD,791000000,Finance lease obligations due within one year,F,SEC_8K_HTML_EX991_BALANCE_USDM_TO_USD_X1000000_V2,map_wmt_fy27q1_8k_ex991_20260521_supp_9f43d43b815f,SOURCE_EXTRACTED,snap_49c5c3648bce32e436e8351fb8e66c300be5377bac06180d8fca8d3c590dba3f,html:balance:Finance lease obligations due within one year,2026-05-21T11:00:00.000000Z,2026-10-01T04:51:15.099912Z,1da651ebab33b75f8057857ddc7c75d01ef3bf20642d169ac94321a311e49a1a,CONSOLIDATED,wmt_fy27q1_8k_ex991_20260521_supplement_consolidated_bridge,wmt_actual_fy27q1_8k_20260521
raw_wmt_fy27q1_8k_ex991_20260521_supp_d0146e493febaf72,wmt_fy27q1_8k_ex991_20260521,walmart_consolidated_group,walmart_inc_us_de,,,operating_lease_long_term,2026-04-30,2026-04-30,INSTANT,USD,USD,14388000000,Long-term operating lease obligations,F,SEC_8K_HTML_EX991_BALANCE_USDM_TO_USD_X1000000_V2,map_wmt_fy27q1_8k_ex991_20260521_supp_65d95c9c289d,SOURCE_EXTRACTED,snap_49c5c3648bce32e436e8351fb8e66c300be5377bac06180d8fca8d3c590dba3f,html:balance:Long-term operating lease obligations,2026-05-21T11:00:00.000000Z,2026-10-01T04:51:15.099912Z,1da651ebab33b75f8057857ddc7c75d01ef3bf20642d169ac94321a311e49a1a,CONSOLIDATED,wmt_fy27q1_8k_ex991_20260521_supplement_consolidated_bridge,wmt_actual_fy27q1_8k_20260521
raw_wmt_fy27q1_8k_ex991_20260521_supp_6a8dc8e0f2e108eb,wmt_fy27q1_8k_ex991_20260521,walmart_consolidated_group,walmart_inc_us_de,,,operating_lease_long_term,2026-01-31,2026-01-31,INSTANT,USD,USD,13941000000,Long-term operating lease obligations,F,SEC_8K_HTML_EX991_BALANCE_USDM_TO_USD_X1000000_V2,map_wmt_fy27q1_8k_ex991_20260521_supp_65d95c9c289d,SOURCE_EXTRACTED,snap_49c5c3648bce32e436e8351fb8e66c300be5377bac06180d8fca8d3c590dba3f,html:balance:Long-term operating lease obligations,2026-05-21T11:00:00.000000Z,2026-10-01T04:51:15.099912Z,1da651ebab33b75f8057857ddc7c75d01ef3bf20642d169ac94321a311e49a1a,CONSOLIDATED,wmt_fy27q1_8k_ex991_20260521_supplement_consolidated_bridge,wmt_actual_fy27q1_8k_20260521
raw_wmt_fy27q1_8k_ex991_20260521_supp_8eea78346417e6a5,wmt_fy27q1_8k_ex991_20260521,walmart_consolidated_group,walmart_inc_us_de,,,operating_lease_long_term,2025-04-30,2025-04-30,INSTANT,USD,USD,12797000000,Long-term operating lease obligations,F,SEC_8K_HTML_EX991_BALANCE_USDM_TO_USD_X1000000_V2,map_wmt_fy27q1_8k_ex991_20260521_supp_65d95c9c289d,SOURCE_EXTRACTED,snap_49c5c3648bce32e436e8351fb8e66c300be5377bac06180d8fca8d3c590dba3f,html:balance:Long-term operating lease obligations,2026-05-21T11:00:00.000000Z,2026-10-01T04:51:15.099912Z,1da651ebab33b75f8057857ddc7c75d01ef3bf20642d169ac94321a311e49a1a,CONSOLIDATED,wmt_fy27q1_8k_ex991_20260521_supplement_consolidated_bridge,wmt_actual_fy27q1_8k_20260521
raw_wmt_fy27q1_8k_ex991_20260521_supp_e724dcd331ca1488,wmt_fy27q1_8k_ex991_20260521,walmart_consolidated_group,walmart_inc_us_de,,,finance_lease_long_term,2026-04-30,2026-04-30,INSTANT,USD,USD,5822000000,Long-term finance lease obligations,F,SEC_8K_HTML_EX991_BALANCE_USDM_TO_USD_X1000000_V2,map_wmt_fy27q1_8k_ex991_20260521_supp_59e26bf3b82e,SOURCE_EXTRACTED,snap_49c5c3648bce32e436e8351fb8e66c300be5377bac06180d8fca8d3c590dba3f,html:balance:Long-term finance lease obligations,2026-05-21T11:00:00.000000Z,2026-10-01T04:51:15.099912Z,1da651ebab33b75f8057857ddc7c75d01ef3bf20642d169ac94321a311e49a1a,CONSOLIDATED,wmt_fy27q1_8k_ex991_20260521_supplement_consolidated_bridge,wmt_actual_fy27q1_8k_20260521
raw_wmt_fy27q1_8k_ex991_20260521_supp_2e5cb72ed55db67b,wmt_fy27q1_8k_ex991_20260521,walmart_consolidated_group,walmart_inc_us_de,,,finance_lease_long_term,2026-01-31,2026-01-31,INSTANT,USD,USD,5905000000,Long-term finance lease obligations,F,SEC_8K_HTML_EX991_BALANCE_USDM_TO_USD_X1000000_V2,map_wmt_fy27q1_8k_ex991_20260521_supp_59e26bf3b82e,SOURCE_EXTRACTED,snap_49c5c3648bce32e436e8351fb8e66c300be5377bac06180d8fca8d3c590dba3f,html:balance:Long-term finance lease obligations,2026-05-21T11:00:00.000000Z,2026-10-01T04:51:15.099912Z,1da651ebab33b75f8057857ddc7c75d01ef3bf20642d169ac94321a311e49a1a,CONSOLIDATED,wmt_fy27q1_8k_ex991_20260521_supplement_consolidated_bridge,wmt_actual_fy27q1_8k_20260521
raw_wmt_fy27q1_8k_ex991_20260521_supp_3dc30991fbe3bafd,wmt_fy27q1_8k_ex991_20260521,walmart_consolidated_group,walmart_inc_us_de,,,finance_lease_long_term,2025-04-30,2025-04-30,INSTANT,USD,USD,5878000000,Long-term finance lease obligations,F,SEC_8K_HTML_EX991_BALANCE_USDM_TO_USD_X1000000_V2,map_wmt_fy27q1_8k_ex991_20260521_supp_59e26bf3b82e,SOURCE_EXTRACTED,snap_49c5c3648bce32e436e8351fb8e66c300be5377bac06180d8fca8d3c590dba3f,html:balance:Long-term finance lease obligations,2026-05-21T11:00:00.000000Z,2026-10-01T04:51:15.099912Z,1da651ebab33b75f8057857ddc7c75d01ef3bf20642d169ac94321a311e49a1a,CONSOLIDATED,wmt_fy27q1_8k_ex991_20260521_supplement_consolidated_bridge,wmt_actual_fy27q1_8k_20260521
raw_wmt_fy27q1_8k_ex991_20260521_supp_297b965c6976a4a8,wmt_fy27q1_8k_ex991_20260521,walmart_consolidated_group,walmart_inc_us_de,,,deferred_taxes_other_liabilities,2026-04-30,2026-04-30,INSTANT,USD,USD,16952000000,Deferred income taxes and other,F,SEC_8K_HTML_EX991_BALANCE_USDM_TO_USD_X1000000_V2,map_wmt_fy27q1_8k_ex991_20260521_supp_d530db458003,SOURCE_EXTRACTED,snap_49c5c3648bce32e436e8351fb8e66c300be5377bac06180d8fca8d3c590dba3f,html:balance:Deferred income taxes and other,2026-05-21T11:00:00.000000Z,2026-10-01T04:51:15.099912Z,1da651ebab33b75f8057857ddc7c75d01ef3bf20642d169ac94321a311e49a1a,CONSOLIDATED,wmt_fy27q1_8k_ex991_20260521_supplement_consolidated_bridge,wmt_actual_fy27q1_8k_20260521
raw_wmt_fy27q1_8k_ex991_20260521_supp_1d93b04f639771ba,wmt_fy27q1_8k_ex991_20260521,walmart_consolidated_group,walmart_inc_us_de,,,deferred_taxes_other_liabilities,2026-01-31,2026-01-31,INSTANT,USD,USD,16549000000,Deferred income taxes and other,F,SEC_8K_HTML_EX991_BALANCE_USDM_TO_USD_X1000000_V2,map_wmt_fy27q1_8k_ex991_20260521_supp_d530db458003,SOURCE_EXTRACTED,snap_49c5c3648bce32e436e8351fb8e66c300be5377bac06180d8fca8d3c590dba3f,html:balance:Deferred income taxes and other,2026-05-21T11:00:00.000000Z,2026-10-01T04:51:15.099912Z,1da651ebab33b75f8057857ddc7c75d01ef3bf20642d169ac94321a311e49a1a,CONSOLIDATED,wmt_fy27q1_8k_ex991_20260521_supplement_consolidated_bridge,wmt_actual_fy27q1_8k_20260521
raw_wmt_fy27q1_8k_ex991_20260521_supp_5aedd23430fc67d8,wmt_fy27q1_8k_ex991_20260521,walmart_consolidated_group,walmart_inc_us_de,,,deferred_taxes_other_liabilities,2025-04-30,2025-04-30,INSTANT,USD,USD,13609000000,Deferred income taxes and other,F,SEC_8K_HTML_EX991_BALANCE_USDM_TO_USD_X1000000_V2,map_wmt_fy27q1_8k_ex991_20260521_supp_d530db458003,SOURCE_EXTRACTED,snap_49c5c3648bce32e436e8351fb8e66c300be5377bac06180d8fca8d3c590dba3f,html:balance:Deferred income taxes and other,2026-05-21T11:00:00.000000Z,2026-10-01T04:51:15.099912Z,1da651ebab33b75f8057857ddc7c75d01ef3bf20642d169ac94321a311e49a1a,CONSOLIDATED,wmt_fy27q1_8k_ex991_20260521_supplement_consolidated_bridge,wmt_actual_fy27q1_8k_20260521
raw_wmt_fy27q1_8k_ex991_20260521_supp_3560871a0605852c,wmt_fy27q1_8k_ex991_20260521,walmart_consolidated_group,walmart_inc_us_de,,,redeemable_nci,2026-04-30,2026-04-30,INSTANT,USD,USD,293000000,Redeemable noncontrolling interest,F,SEC_8K_HTML_EX991_BALANCE_USDM_TO_USD_X1000000_V2,map_wmt_fy27q1_8k_ex991_20260521_supp_5f747e8c9b46,SOURCE_EXTRACTED,snap_49c5c3648bce32e436e8351fb8e66c300be5377bac06180d8fca8d3c590dba3f,html:balance:Redeemable noncontrolling interest,2026-05-21T11:00:00.000000Z,2026-10-01T04:51:15.099912Z,1da651ebab33b75f8057857ddc7c75d01ef3bf20642d169ac94321a311e49a1a,CONSOLIDATED,wmt_fy27q1_8k_ex991_20260521_supplement_consolidated_bridge,wmt_actual_fy27q1_8k_20260521
raw_wmt_fy27q1_8k_ex991_20260521_supp_b396a63965807b01,wmt_fy27q1_8k_ex991_20260521,walmart_consolidated_group,walmart_inc_us_de,,,redeemable_nci,2026-01-31,2026-01-31,INSTANT,USD,USD,293000000,Redeemable noncontrolling interest,F,SEC_8K_HTML_EX991_BALANCE_USDM_TO_USD_X1000000_V2,map_wmt_fy27q1_8k_ex991_20260521_supp_5f747e8c9b46,SOURCE_EXTRACTED,snap_49c5c3648bce32e436e8351fb8e66c300be5377bac06180d8fca8d3c590dba3f,html:balance:Redeemable noncontrolling interest,2026-05-21T11:00:00.000000Z,2026-10-01T04:51:15.099912Z,1da651ebab33b75f8057857ddc7c75d01ef3bf20642d169ac94321a311e49a1a,CONSOLIDATED,wmt_fy27q1_8k_ex991_20260521_supplement_consolidated_bridge,wmt_actual_fy27q1_8k_20260521
raw_wmt_fy27q1_8k_ex991_20260521_supp_d42b78c0750f4618,wmt_fy27q1_8k_ex991_20260521,walmart_consolidated_group,walmart_inc_us_de,,,redeemable_nci,2025-04-30,2025-04-30,INSTANT,USD,USD,307000000,Redeemable noncontrolling interest,F,SEC_8K_HTML_EX991_BALANCE_USDM_TO_USD_X1000000_V2,map_wmt_fy27q1_8k_ex991_20260521_supp_5f747e8c9b46,SOURCE_EXTRACTED,snap_49c5c3648bce32e436e8351fb8e66c300be5377bac06180d8fca8d3c590dba3f,html:balance:Redeemable noncontrolling interest,2026-05-21T11:00:00.000000Z,2026-10-01T04:51:15.099912Z,1da651ebab33b75f8057857ddc7c75d01ef3bf20642d169ac94321a311e49a1a,CONSOLIDATED,wmt_fy27q1_8k_ex991_20260521_supplement_consolidated_bridge,wmt_actual_fy27q1_8k_20260521
raw_wmt_fy27q1_8k_ex991_20260521_supp_dc49f1a7c4e5607d,wmt_fy27q1_8k_ex991_20260521,walmart_consolidated_group,walmart_inc_us_de,,,walmart_shareholders_equity,2026-04-30,2026-04-30,INSTANT,USD,USD,94330000000,Total Walmart shareholders’ equity,F,SEC_8K_HTML_EX991_BALANCE_USDM_TO_USD_X1000000_V2,map_wmt_fy27q1_8k_ex991_20260521_supp_4836a04b0727,SOURCE_EXTRACTED,snap_49c5c3648bce32e436e8351fb8e66c300be5377bac06180d8fca8d3c590dba3f,html:balance:Total Walmart shareholders’ equity,2026-05-21T11:00:00.000000Z,2026-10-01T04:51:15.099912Z,1da651ebab33b75f8057857ddc7c75d01ef3bf20642d169ac94321a311e49a1a,CONSOLIDATED,wmt_fy27q1_8k_ex991_20260521_supplement_consolidated_bridge,wmt_actual_fy27q1_8k_20260521
raw_wmt_fy27q1_8k_ex991_20260521_supp_3a868d252d371eae,wmt_fy27q1_8k_ex991_20260521,walmart_consolidated_group,walmart_inc_us_de,,,walmart_shareholders_equity,2026-01-31,2026-01-31,INSTANT,USD,USD,99617000000,Total Walmart shareholders’ equity,F,SEC_8K_HTML_EX991_BALANCE_USDM_TO_USD_X1000000_V2,map_wmt_fy27q1_8k_ex991_20260521_supp_4836a04b0727,SOURCE_EXTRACTED,snap_49c5c3648bce32e436e8351fb8e66c300be5377bac06180d8fca8d3c590dba3f,html:balance:Total Walmart shareholders’ equity,2026-05-21T11:00:00.000000Z,2026-10-01T04:51:15.099912Z,1da651ebab33b75f8057857ddc7c75d01ef3bf20642d169ac94321a311e49a1a,CONSOLIDATED,wmt_fy27q1_8k_ex991_20260521_supplement_consolidated_bridge,wmt_actual_fy27q1_8k_20260521
raw_wmt_fy27q1_8k_ex991_20260521_supp_d8c7f70b00d79978,wmt_fy27q1_8k_ex991_20260521,walmart_consolidated_group,walmart_inc_us_de,,,walmart_shareholders_equity,2025-04-30,2025-04-30,INSTANT,USD,USD,83793000000,Total Walmart shareholders’ equity,F,SEC_8K_HTML_EX991_BALANCE_USDM_TO_USD_X1000000_V2,map_wmt_fy27q1_8k_ex991_20260521_supp_4836a04b0727,SOURCE_EXTRACTED,snap_49c5c3648bce32e436e8351fb8e66c300be5377bac06180d8fca8d3c590dba3f,html:balance:Total Walmart shareholders’ equity,2026-05-21T11:00:00.000000Z,2026-10-01T04:51:15.099912Z,1da651ebab33b75f8057857ddc7c75d01ef3bf20642d169ac94321a311e49a1a,CONSOLIDATED,wmt_fy27q1_8k_ex991_20260521_supplement_consolidated_bridge,wmt_actual_fy27q1_8k_20260521
raw_wmt_fy27q1_8k_ex991_20260521_supp_2d5f027ca0d1e0b7,wmt_fy27q1_8k_ex991_20260521,walmart_consolidated_group,walmart_inc_us_de,,,nonredeemable_nci,2026-04-30,2026-04-30,INSTANT,USD,USD,6352000000,Nonredeemable noncontrolling interest,F,SEC_8K_HTML_EX991_BALANCE_USDM_TO_USD_X1000000_V2,map_wmt_fy27q1_8k_ex991_20260521_supp_31757c5ac59c,SOURCE_EXTRACTED,snap_49c5c3648bce32e436e8351fb8e66c300be5377bac06180d8fca8d3c590dba3f,html:balance:Nonredeemable noncontrolling interest,2026-05-21T11:00:00.000000Z,2026-10-01T04:51:15.099912Z,1da651ebab33b75f8057857ddc7c75d01ef3bf20642d169ac94321a311e49a1a,CONSOLIDATED,wmt_fy27q1_8k_ex991_20260521_supplement_consolidated_bridge,wmt_actual_fy27q1_8k_20260521
raw_wmt_fy27q1_8k_ex991_20260521_supp_3601a65a64bce231,wmt_fy27q1_8k_ex991_20260521,walmart_consolidated_group,walmart_inc_us_de,,,nonredeemable_nci,2026-01-31,2026-01-31,INSTANT,USD,USD,6270000000,Nonredeemable noncontrolling interest,F,SEC_8K_HTML_EX991_BALANCE_USDM_TO_USD_X1000000_V2,map_wmt_fy27q1_8k_ex991_20260521_supp_31757c5ac59c,SOURCE_EXTRACTED,snap_49c5c3648bce32e436e8351fb8e66c300be5377bac06180d8fca8d3c590dba3f,html:balance:Nonredeemable noncontrolling interest,2026-05-21T11:00:00.000000Z,2026-10-01T04:51:15.099912Z,1da651ebab33b75f8057857ddc7c75d01ef3bf20642d169ac94321a311e49a1a,CONSOLIDATED,wmt_fy27q1_8k_ex991_20260521_supplement_consolidated_bridge,wmt_actual_fy27q1_8k_20260521
raw_wmt_fy27q1_8k_ex991_20260521_supp_171736450efc9905,wmt_fy27q1_8k_ex991_20260521,walmart_consolidated_group,walmart_inc_us_de,,,nonredeemable_nci,2025-04-30,2025-04-30,INSTANT,USD,USD,6548000000,Nonredeemable noncontrolling interest,F,SEC_8K_HTML_EX991_BALANCE_USDM_TO_USD_X1000000_V2,map_wmt_fy27q1_8k_ex991_20260521_supp_31757c5ac59c,SOURCE_EXTRACTED,snap_49c5c3648bce32e436e8351fb8e66c300be5377bac06180d8fca8d3c590dba3f,html:balance:Nonredeemable noncontrolling interest,2026-05-21T11:00:00.000000Z,2026-10-01T04:51:15.099912Z,1da651ebab33b75f8057857ddc7c75d01ef3bf20642d169ac94321a311e49a1a,CONSOLIDATED,wmt_fy27q1_8k_ex991_20260521_supplement_consolidated_bridge,wmt_actual_fy27q1_8k_20260521
